,Player,Pos,Age,G,MP,PER,TS%,3PAr,FTr,ORB%,DRB%,TRB%,AST%,STL%,BLK%,TOV%,USG%,OWS,DWS,WS,WS/48,OBPM,DBPM,BPM,VORP,All Star
0,Álex Abrines,SG,25,31,588,6.3,0.507,0.809,0.083,0.9,7.8,4.2,4.3,1.3,0.9,7.9,12.2,0.1,0.6,0.6,0.053,-3.7,0.4,-3.3,-0.2,0
1,Quincy Acy,PF,28,10,123,2.9,0.379,0.833,0.556,2.7,20.1,11.3,8.2,0.4,2.7,15.2,9.2,-0.1,0.0,-0.1,-0.022000000000000002,-7.6,-0.5,-8.1,-0.2,0
2,Jaylen Adams,PG,22,34,428,7.6,0.474,0.6729999999999999,0.08199999999999999,2.6,12.3,7.4,19.8,1.5,1.0,19.7,13.5,-0.1,0.2,0.1,0.011000000000000001,-3.8,-0.5,-4.3,-0.2,0
3,Steven Adams,C,25,80,2669,18.5,0.591,0.002,0.361,14.7,14.8,14.7,6.6,2.0,2.4,12.6,16.4,5.1,4.0,9.1,0.163,0.7,0.4,1.1,2.1,0
4,Bam Adebayo,C,21,82,1913,17.9,0.623,0.031,0.465,9.2,24.0,16.6,14.2,1.8,3.0,17.1,15.8,3.4,3.4,6.8,0.171,-0.4,2.2,1.8,1.8,1
5,Deng Adel,SF,21,19,194,2.7,0.424,0.639,0.111,1.6,9.6,5.4,3.4,0.3,1.8,13.7,9.9,-0.2,0.0,-0.2,-0.054000000000000006,-6.0,-1.6,-7.5,-0.3,0
6,DeVaughn Akoon-Purcell,SG,25,7,22,8.2,0.322,0.4,0.2,4.9,14.8,9.8,37.1,4.5,0.0,15.5,25.0,-0.1,0.0,0.0,-0.051,-7.9,2.1,-5.8,0.0,0
7,LaMarcus Aldridge,C,33,81,2687,22.9,0.5760000000000001,0.032,0.312,10.3,19.8,15.1,11.6,0.8,3.4,8.8,26.9,6.4,2.9,9.3,0.16699999999999998,2.4,-0.6,1.8,2.6,0
8,Rawle Alkins,SG,21,10,120,8.1,0.418,0.308,0.308,9.9,13.7,11.8,15.2,0.4,0.0,15.3,19.0,-0.1,0.0,-0.1,-0.042,-3.8,-3.5,-7.3,-0.2,0
9,Grayson Allen,SG,23,38,416,7.5,0.516,0.556,0.337,0.8,5.1,3.0,8.9,0.7,1.1,13.9,24.4,-0.4,0.4,0.0,0.002,-4.2,-2.1,-6.3,-0.5,0
10,Jarrett Allen,C,20,80,2096,18.5,0.632,0.079,0.489,9.6,24.0,16.8,7.9,1.0,4.5,13.0,15.9,4.4,3.3,7.6,0.175,0.2,1.4,1.6,1.9,0
11,Kadeem Allen,PG,26,19,416,16.2,0.574,0.255,0.38299999999999995,2.0,11.1,6.4,28.7,1.9,0.8,13.6,19.6,0.7,0.2,1.0,0.111,0.3,0.3,0.6,0.3,0
12,Al-Farouq Aminu,PF,28,81,2292,13.2,0.568,0.47200000000000003,0.292,5.3,22.6,14.2,6.0,1.4,1.2,9.7,13.7,3.0,2.8,5.8,0.121,0.1,0.6,0.7,1.5,0
13,Justin Anderson,SF,25,48,463,11.2,0.516,0.49,0.223,5.3,13.9,9.5,6.9,2.2,2.4,11.8,17.2,0.1,0.4,0.4,0.043,-2.4,-0.3,-2.7,-0.1,0
14,Kyle Anderson,SF,25,43,1281,12.8,0.569,0.12300000000000001,0.23199999999999998,4.1,18.1,11.0,15.0,2.1,2.7,16.0,12.6,0.8,1.8,2.7,0.1,-1.6,2.4,0.8,0.9,0
15,Ryan Anderson,PF,30,25,322,4.6,0.414,0.58,0.23199999999999998,6.1,12.5,9.2,7.8,0.6,0.3,15.5,12.0,-0.3,0.0,-0.2,-0.035,-4.5,-1.9,-6.4,-0.4,0
16,Ryan Anderson,PF,30,15,278,4.6,0.423,0.5670000000000001,0.233,5.5,12.5,9.0,8.1,0.5,0.3,15.4,12.1,-0.2,0.0,-0.2,-0.039,-4.5,-1.9,-6.3,-0.3,0
17,Ryan Anderson,PF,30,10,44,4.5,0.354,0.667,0.222,9.7,12.1,10.9,5.8,1.1,0.0,16.8,11.6,0.0,0.0,0.0,-0.009000000000000001,-4.6,-1.9,-6.5,0.0,0
18,Ike Anigbogu,C,20,3,6,-6.0,0.0,0.0,0.0,18.9,36.2,27.7,19.4,0.0,14.8,25.0,29.1,-0.1,0.0,-0.1,-0.48,-14.0,-2.3,-16.2,0.0,0
19,Giannis Antetokounmpo,PF,24,72,2358,30.9,0.644,0.163,0.55,7.3,30.0,19.3,30.3,1.8,3.9,14.8,32.3,8.9,5.5,14.4,0.292,6.3,4.1,10.4,7.4,1
20,Kostas Antetokounmpo,PF,21,2,11,-0.9,0.21,0.0,1.3330000000000002,0.0,9.7,4.9,0.0,8.8,0.0,17.4,22.5,-0.1,0.0,-0.1,-0.247,-12.6,-0.1,-12.7,0.0,0
21,Carmelo Anthony,PF,34,10,294,10.9,0.513,0.529,0.182,3.3,17.3,10.2,2.6,0.7,2.0,5.8,20.5,0.1,0.2,0.3,0.048,-1.3,-1.4,-2.7,-0.1,0
22,OG Anunoby,SF,21,67,1352,9.8,0.544,0.5,0.153,4.8,10.8,7.9,4.7,1.6,1.3,11.3,15.5,0.3,1.7,2.0,0.07,-2.4,0.1,-2.4,-0.1,0
23,Ryan Arcidiacono,PG,24,81,1961,11.6,0.588,0.519,0.244,1.5,10.8,6.1,18.9,1.6,0.2,12.0,11.7,2.8,0.9,3.7,0.09,-2.0,0.1,-1.9,0.1,0
24,Trevor Ariza,SF,33,69,2349,12.0,0.534,0.59,0.223,2.3,15.2,8.6,14.8,1.8,0.7,11.6,16.6,1.3,1.2,2.5,0.052000000000000005,-0.7,-0.6,-1.3,0.4,0
25,Trevor Ariza,SF,33,26,884,10.5,0.525,0.612,0.18899999999999997,2.0,16.4,9.1,13.5,2.1,0.8,13.7,13.8,0.2,0.5,0.6,0.035,-1.1,0.0,-1.1,0.2,0
26,Trevor Ariza,SF,33,43,1465,13.0,0.5379999999999999,0.58,0.23800000000000002,2.5,14.5,8.4,15.5,1.7,0.7,10.6,18.2,1.1,0.8,1.9,0.062,-0.5,-0.9,-1.4,0.2,0
27,D.J. Augustin,PG,31,81,2269,15.7,0.616,0.45899999999999996,0.309,1.9,7.8,4.8,26.9,1.1,0.1,14.3,17.2,5.0,1.9,6.9,0.146,1.1,-0.7,0.5,1.4,0
28,Deandre Ayton,C,20,71,2183,20.5,0.608,0.005,0.217,11.1,26.1,18.5,9.6,1.3,2.6,11.7,21.2,4.1,1.7,5.8,0.128,1.3,-1.1,0.2,1.2,0
29,Dwayne Bacon,SG,23,43,759,11.7,0.57,0.33899999999999997,0.179,1.1,11.7,6.3,9.2,0.8,0.6,6.1,16.8,0.9,0.3,1.2,0.073,-2.1,-1.6,-3.7,-0.3,0
30,Marvin Bagley III,PF,19,62,1567,18.9,0.562,0.136,0.371,10.4,20.8,15.5,5.9,1.0,3.2,10.7,24.2,2.0,1.6,3.6,0.11,0.5,-1.5,-1.0,0.4,0
31,Ron Baker,SG,25,15,152,2.5,0.309,0.65,0.3,0.7,7.1,3.8,12.8,1.9,0.6,18.1,7.8,-0.2,0.1,-0.1,-0.034,-7.7,0.7,-7.0,-0.2,0
32,Ron Baker,SG,25,11,107,4.4,0.376,0.563,0.375,1.0,6.0,3.4,16.1,2.3,0.0,13.9,8.6,0.0,0.0,0.0,0.002,-7.7,1.1,-6.6,-0.1,0
33,Ron Baker,SG,25,4,45,-2.0,0.0,1.0,0.0,0.0,9.8,4.8,5.1,1.1,1.9,33.3,5.7,-0.1,0.0,-0.1,-0.12,-7.9,0.0,-7.9,-0.1,0
34,Wade Baldwin,PG,22,16,94,1.3,0.396,0.273,0.33299999999999996,2.3,14.4,8.5,16.6,0.5,1.7,27.0,23.3,-0.4,0.1,-0.3,-0.153,-8.4,-1.9,-10.3,-0.2,0
35,Lonzo Ball,PG,21,47,1423,11.7,0.48700000000000004,0.5,0.105,4.0,14.0,9.1,23.8,2.3,1.1,17.8,16.9,-0.2,1.7,1.6,0.052000000000000005,-1.6,1.3,-0.3,0.6,0
36,Mo Bamba,C,20,47,766,14.9,0.539,0.28800000000000003,0.259,8.8,24.0,16.3,7.4,0.8,7.0,13.7,17.8,0.3,1.4,1.7,0.106,-2.8,1.4,-1.4,0.1,0
37,J.J. Barea,PG,34,38,752,16.3,0.495,0.332,0.203,1.9,11.6,6.8,47.5,1.4,0.1,14.7,28.1,0.4,0.6,1.0,0.064,1.2,-1.8,-0.6,0.3,0
38,Harrison Barnes,PF-SF,26,77,2533,12.8,0.55,0.429,0.271,2.4,12.7,7.5,6.7,0.9,0.4,7.9,20.9,2.0,1.6,3.6,0.068,-0.2,-1.2,-1.4,0.4,0
39,Harrison Barnes,PF,26,49,1584,13.1,0.5379999999999999,0.434,0.276,2.4,11.5,7.0,6.3,1.0,0.6,7.8,23.7,0.8,1.1,1.9,0.059000000000000004,0.0,-1.2,-1.2,0.3,0
40,Harrison Barnes,SF,26,28,949,12.3,0.578,0.419,0.258,2.2,14.8,8.4,7.5,0.8,0.2,8.0,16.3,1.1,0.5,1.7,0.084,-0.5,-1.2,-1.7,0.1,0
41,Will Barton,SF,28,43,1189,11.0,0.501,0.426,0.161,2.9,15.3,9.1,14.6,0.7,1.6,11.7,20.0,0.1,1.1,1.2,0.049,-1.1,-0.8,-1.8,0.0,0
42,Keita Bates-Diop,SF,23,30,503,9.6,0.489,0.366,0.19699999999999998,3.4,14.4,8.8,4.6,1.7,2.4,8.3,14.1,0.0,0.4,0.3,0.032,-2.8,-0.6,-3.4,-0.2,0
43,Nicolas Batum,SF,30,75,2354,11.9,0.581,0.53,0.158,3.2,14.9,8.9,14.5,1.5,1.6,16.3,13.2,2.0,1.7,3.7,0.076,-0.7,0.4,-0.3,1.0,0
44,Jerryd Bayless,PG,30,34,657,8.5,0.431,0.426,0.122,1.8,8.4,5.0,24.6,1.3,0.3,11.7,17.6,-0.2,0.2,0.0,-0.003,-2.9,-1.7,-4.6,-0.4,0
45,Aron Baynes,C,32,51,821,14.0,0.5670000000000001,0.27399999999999997,0.278,11.4,19.8,15.6,9.3,0.7,3.7,13.8,15.2,1.3,1.1,2.4,0.139,-1.8,0.3,-1.5,0.1,0
46,Kent Bazemore,SG,29,67,1643,11.9,0.507,0.434,0.253,2.3,14.6,8.3,13.5,2.5,2.2,13.6,22.0,-0.7,1.4,0.7,0.021,-2.5,0.2,-2.3,-0.1,0
47,Bradley Beal,SG,25,82,3028,20.8,0.581,0.37,0.278,3.1,11.7,7.4,24.1,1.9,1.6,11.0,28.4,5.9,1.7,7.6,0.12,3.8,-0.8,2.9,3.7,0
48,Malik Beasley,SG,22,81,1879,14.2,0.599,0.55,0.09,2.0,9.5,5.8,7.5,1.4,0.5,6.7,18.7,2.9,1.6,4.5,0.115,0.8,-0.7,0.1,1.0,0
49,Michael Beasley,PF,30,26,277,15.9,0.532,0.111,0.255,4.9,17.2,11.2,14.8,1.5,3.0,13.7,29.5,-0.1,0.4,0.2,0.039,-1.9,0.5,-1.5,0.0,0
50,Marco Belinelli,SG,32,79,1815,11.9,0.557,0.5720000000000001,0.18,1.0,10.8,5.9,10.1,0.9,0.4,8.8,19.8,1.4,1.1,2.5,0.065,-0.5,-1.2,-1.7,0.1,0
51,Jordan Bell,C,24,68,788,12.9,0.531,0.01,0.214,7.8,16.7,12.5,12.3,1.2,5.4,16.7,13.7,0.5,1.1,1.6,0.096,-2.2,1.3,-0.9,0.2,0
52,DeAndre' Bembry,SG,24,82,1931,10.8,0.508,0.281,0.221,2.9,16.9,9.7,14.7,2.5,1.8,17.4,17.2,-0.9,1.7,0.9,0.022000000000000002,-3.3,0.8,-2.4,-0.2,0
53,Dragan Bender,PF,21,46,826,9.5,0.521,0.513,0.27399999999999997,4.5,20.3,12.3,9.4,1.0,2.2,14.4,13.4,0.0,0.4,0.5,0.027000000000000003,-3.4,-0.8,-4.1,-0.5,0
54,Dairis Bertāns,SG,29,12,167,2.0,0.36200000000000004,0.723,0.0,1.3,4.3,2.8,7.2,0.3,0.0,4.1,12.0,-0.2,0.0,-0.2,-0.054000000000000006,-5.6,-3.2,-8.8,-0.3,0
55,Dāvis Bertāns,PF,26,76,1632,13.0,0.632,0.746,0.132,1.6,16.0,8.8,8.2,1.0,1.7,8.2,14.1,2.6,1.5,4.0,0.11800000000000001,1.1,0.2,1.3,1.4,0
56,Patrick Beverley,PG,30,78,2137,11.8,0.561,0.591,0.258,3.9,15.0,9.6,18.4,1.5,1.6,13.8,12.2,2.8,2.0,4.8,0.10800000000000001,-0.3,1.2,0.9,1.5,0
57,Khem Birch,C,26,50,643,19.2,0.64,0.006999999999999999,0.55,13.0,18.8,15.8,8.5,1.4,3.8,9.6,14.1,1.8,1.0,2.8,0.212,0.1,1.0,1.2,0.5,0
58,Bismack Biyombo,C,26,54,783,14.4,0.602,0.0,0.583,11.0,23.3,17.0,5.9,0.7,4.6,14.8,12.7,1.2,0.8,2.0,0.125,-2.4,0.0,-2.5,-0.1,0
59,Nemanja Bjelica,PF,30,77,1788,15.4,0.585,0.433,0.155,7.0,18.8,12.8,11.1,1.4,2.7,11.5,16.5,2.7,1.9,4.5,0.122,0.4,0.5,0.9,1.3,0
60,Antonio Blakeney,SG,22,57,829,10.6,0.48700000000000004,0.23,0.192,0.9,13.1,6.9,8.2,0.7,0.9,7.5,24.5,-0.8,0.3,-0.5,-0.03,-2.4,-2.7,-5.2,-0.7,0
61,Eric Bledsoe,PG,29,78,2272,19.3,0.5770000000000001,0.38799999999999996,0.243,3.9,11.8,8.1,27.4,2.4,1.1,13.3,22.9,4.4,3.7,8.2,0.17300000000000001,1.9,1.2,3.1,2.9,0
62,Jaron Blossomgame,SF,25,27,439,10.2,0.51,0.368,0.12300000000000001,6.3,19.1,12.4,4.2,0.8,1.6,9.0,12.2,0.2,0.1,0.3,0.03,-1.9,-1.8,-3.8,-0.2,0
63,Bogdan Bogdanović,SG,26,70,1947,14.1,0.53,0.431,0.188,2.1,11.0,6.4,19.3,1.7,0.7,11.1,22.3,1.3,1.4,2.7,0.067,-0.1,-0.6,-0.6,0.7,0
64,Bojan Bogdanović,SF,29,81,2573,16.1,0.613,0.3670000000000001,0.29,1.5,12.7,7.2,9.5,1.3,0.0,10.2,22.4,3.9,2.8,6.8,0.126,1.3,-0.6,0.7,1.7,0
65,Andrew Bogut,C,34,11,134,13.4,0.523,0.0,0.083,10.0,32.8,21.9,10.6,1.1,5.0,17.7,14.5,0.1,0.2,0.3,0.111,-3.7,0.8,-2.9,0.0,0
66,Jonah Bolden,PF,23,44,639,12.7,0.595,0.593,0.16699999999999998,8.0,19.0,13.7,8.5,1.3,4.8,17.2,13.8,0.5,0.9,1.4,0.106,-1.8,1.1,-0.7,0.2,0
67,Isaac Bonga,PG,19,22,120,6.0,0.24,0.242,0.455,7.9,13.5,10.8,14.9,3.5,2.7,13.2,15.7,-0.3,0.2,-0.1,-0.059000000000000004,-7.0,2.2,-4.8,-0.1,0
68,Devin Booker,SG,22,64,2242,20.2,0.584,0.33,0.36200000000000004,1.9,11.3,6.5,34.1,1.2,0.5,15.4,32.9,3.3,0.3,3.5,0.076,3.3,-2.3,1.0,1.7,0
69,Chris Boucher,PF,26,28,163,22.2,0.563,0.48700000000000004,0.19699999999999998,10.9,25.8,18.5,1.9,1.8,12.2,7.8,23.6,0.2,0.4,0.7,0.19399999999999998,-0.2,2.8,2.6,0.2,0
70,Avery Bradley,SG,28,63,1905,7.6,0.496,0.40299999999999997,0.08199999999999999,2.5,7.3,4.9,11.8,1.0,0.7,12.4,16.2,-0.6,1.0,0.3,0.009000000000000001,-2.8,-0.9,-3.7,-0.8,0
71,Avery Bradley,SG,28,49,1463,5.5,0.46399999999999997,0.41,0.06,2.6,6.7,4.7,8.8,0.9,0.9,12.4,14.2,-1.0,0.6,-0.3,-0.011000000000000001,-3.7,-0.9,-4.6,-1.0,0
72,Avery Bradley,SG,28,14,442,14.5,0.565,0.38799999999999996,0.133,2.0,9.3,5.6,21.6,1.6,0.0,12.3,22.9,0.3,0.4,0.7,0.07400000000000001,0.1,-1.0,-0.9,0.1,0
73,Tony Bradley,C,21,3,36,19.6,0.504,0.0,0.125,27.6,17.7,22.6,4.5,2.7,4.4,15.1,23.6,0.0,0.1,0.1,0.13,-3.6,-2.4,-6.0,0.0,0
74,Corey Brewer,SF,32,31,492,11.6,0.532,0.358,0.35,5.4,10.7,8.0,10.2,3.0,1.2,11.8,13.6,0.4,0.6,1.0,0.095,-2.9,1.6,-1.3,0.1,0
75,Corey Brewer,SF,32,7,140,10.8,0.484,0.28600000000000003,0.265,3.1,9.6,6.4,10.0,4.0,1.1,12.8,18.8,-0.1,0.2,0.1,0.044000000000000004,-5.1,1.5,-3.6,-0.1,0
76,Corey Brewer,SF,32,24,352,12.0,0.562,0.405,0.405,6.3,11.1,8.6,10.3,2.6,1.2,11.2,11.5,0.5,0.4,0.8,0.115,-2.0,1.6,-0.4,0.1,0
77,Mikal Bridges,SF,22,82,2417,10.8,0.556,0.556,0.21,2.5,9.7,6.0,9.8,2.5,1.3,10.2,12.2,1.7,1.2,2.9,0.057999999999999996,-2.0,0.4,-1.6,0.3,0
78,Miles Bridges,SF,20,80,1696,13.1,0.5479999999999999,0.391,0.151,4.2,16.6,10.3,8.1,1.6,2.5,8.4,15.1,1.4,1.5,2.9,0.083,-0.9,0.1,-0.8,0.5,0
79,Isaiah Briscoe,PG,22,39,559,6.7,0.455,0.24600000000000002,0.188,0.9,13.4,7.1,21.0,1.0,0.3,17.2,14.1,-0.3,0.5,0.3,0.023,-5.4,0.4,-5.0,-0.4,0
80,Ryan Broekhoff,SG,28,42,453,10.7,0.621,0.738,0.151,1.9,12.9,7.4,7.2,0.6,0.8,10.6,14.3,0.5,0.3,0.8,0.086,-0.5,-0.5,-1.0,0.1,0
81,Malcolm Brogdon,SG,26,64,1832,17.8,0.614,0.326,0.203,3.8,11.7,8.0,16.2,1.2,0.6,10.0,20.7,4.2,2.3,6.5,0.171,2.0,0.1,2.2,1.9,0
82,Dillon Brooks,SF,23,18,330,7.6,0.499,0.32799999999999996,0.24600000000000002,3.0,7.6,5.3,7.6,1.5,1.1,12.3,20.9,-0.3,0.3,0.0,-0.004,-5.0,-1.2,-6.3,-0.4,0
83,MarShon Brooks,SG,30,29,387,11.6,0.518,0.32,0.195,3.4,9.7,6.5,11.0,1.2,1.0,10.3,23.6,-0.2,0.3,0.1,0.018000000000000002,-1.9,-1.1,-3.0,-0.1,0
84,Bruce Brown,SG,22,74,1449,6.9,0.469,0.29600000000000004,0.191,3.5,10.7,7.0,8.8,1.4,2.1,11.9,11.5,-0.1,1.6,1.5,0.048,-4.4,1.0,-3.3,-0.5,0
85,Jaylen Brown,SG,22,74,1913,13.5,0.547,0.348,0.255,3.6,13.9,8.7,7.7,1.7,1.5,10.1,22.1,0.7,2.4,3.0,0.076,-1.6,-0.4,-2.1,0.0,0
86,Lorenzo Brown,PG,28,26,212,6.3,0.38,0.39399999999999996,0.042,2.6,12.9,7.9,17.3,2.7,2.0,18.1,17.9,-0.5,0.3,-0.1,-0.027000000000000003,-5.4,1.9,-3.5,-0.1,0
87,Sterling Brown,SG,23,58,1034,10.9,0.563,0.47100000000000003,0.135,3.0,14.4,9.0,10.7,1.1,0.7,12.2,15.2,0.7,1.4,2.1,0.098,-1.8,0.3,-1.5,0.1,0
88,Troy Brown Jr.,SF,19,52,730,11.1,0.48700000000000004,0.295,0.201,5.1,16.6,10.8,14.9,1.4,0.6,10.5,16.5,0.2,0.4,0.6,0.039,-1.7,-1.0,-2.7,-0.1,0
89,Jalen Brunson,PG,22,73,1591,12.8,0.5489999999999999,0.32,0.212,1.7,9.6,5.7,22.6,1.1,0.2,12.5,19.1,1.5,1.0,2.6,0.077,-1.2,-0.5,-1.7,0.1,0
90,Thomas Bryant,C,21,72,1496,21.0,0.674,0.19699999999999998,0.273,8.1,25.1,16.5,9.3,0.8,3.8,9.6,17.6,4.3,1.3,5.6,0.17800000000000002,2.3,-0.3,2.0,1.5,0
91,Reggie Bullock,SG,27,63,1879,10.5,0.563,0.662,0.14300000000000002,1.2,8.8,4.9,10.1,1.0,0.5,9.3,15.8,1.6,1.4,3.1,0.078,-0.7,-0.4,-1.1,0.4,0
92,Reggie Bullock,SG,27,44,1355,11.0,0.569,0.667,0.145,1.6,8.6,5.0,12.0,0.9,0.3,10.3,16.7,1.4,1.0,2.4,0.084,-0.1,-0.5,-0.6,0.5,0
93,Reggie Bullock,SG,27,19,524,9.1,0.545,0.647,0.13699999999999998,0.4,9.3,4.9,5.0,1.4,1.1,6.3,13.7,0.2,0.4,0.7,0.061,-2.1,-0.1,-2.2,0.0,0
94,Trey Burke,PG,26,58,1125,16.5,0.524,0.29,0.226,2.6,6.7,4.6,24.1,1.4,0.5,7.5,24.8,1.4,0.5,1.9,0.081,1.5,-1.4,0.1,0.6,0
95,Trey Burke,PG,26,33,689,15.6,0.496,0.24,0.209,2.2,7.3,4.7,23.6,1.5,0.6,6.9,26.1,0.4,0.2,0.6,0.044000000000000004,0.9,-1.5,-0.6,0.2,0
96,Trey Burke,PG,26,25,436,17.9,0.574,0.384,0.258,3.2,5.9,4.5,24.7,1.3,0.4,8.6,22.8,1.0,0.3,1.3,0.14,2.3,-1.1,1.2,0.3,0
97,Alec Burks,SG,27,64,1375,12.7,0.523,0.354,0.297,2.3,17.0,9.4,13.7,1.4,1.3,10.8,19.0,0.7,0.8,1.5,0.052000000000000005,-0.6,-0.7,-1.2,0.3,0
98,Alec Burks,SG,27,17,269,12.4,0.547,0.377,0.33299999999999996,0.8,9.9,5.4,11.2,1.1,1.2,10.3,23.2,0.2,0.3,0.5,0.084,-0.4,-0.2,-0.6,0.1,0
99,Alec Burks,SG,27,34,979,13.2,0.517,0.35,0.28800000000000003,2.8,19.0,10.6,15.0,1.3,1.4,10.7,19.2,0.6,0.3,0.9,0.042,-0.2,-1.2,-1.4,0.1,0
100,Alec Burks,SG,27,13,127,9.0,0.495,0.3,0.25,1.6,16.6,8.9,9.5,2.9,0.7,15.3,8.5,0.0,0.2,0.2,0.062,-3.9,2.8,-1.1,0.0,0
101,Deonte Burton,SG,25,32,240,7.0,0.47,0.32899999999999996,0.146,1.7,10.7,6.0,5.0,1.2,2.8,9.3,16.3,-0.2,0.3,0.1,0.027000000000000003,-4.9,0.6,-4.3,-0.1,0
102,Jimmy Butler,SF-SG,29,65,2185,20.2,0.5710000000000001,0.213,0.40399999999999997,6.0,10.5,8.3,18.0,2.7,1.4,8.2,22.3,5.4,2.5,7.9,0.17300000000000001,2.8,0.9,3.7,3.2,1
103,Jimmy Butler,SG,29,10,361,22.3,0.579,0.287,0.389,4.7,10.8,7.7,18.2,3.2,2.4,7.1,23.0,1.0,0.4,1.3,0.17600000000000002,4.7,2.2,6.9,0.8,1
104,Jimmy Butler,SF,29,55,1824,19.8,0.569,0.198,0.40700000000000003,6.3,10.4,8.4,18.0,2.6,1.2,8.4,22.1,4.4,2.1,6.6,0.172,2.4,0.7,3.1,2.4,1
105,Bruno Caboclo,PF,23,34,800,12.4,0.5710000000000001,0.578,0.222,5.8,16.5,11.1,9.4,0.9,3.9,13.3,15.9,0.6,0.9,1.5,0.09,-1.1,0.1,-1.1,0.2,0
106,José Calderón,PG,37,49,632,7.1,0.45299999999999996,0.475,0.092,1.8,8.8,5.2,24.9,1.2,0.4,21.9,10.9,0.0,0.5,0.6,0.043,-4.2,0.3,-3.9,-0.3,0
107,Kentavious Caldwell-Pope,SG,25,82,2035,12.9,0.568,0.575,0.209,2.5,9.4,6.0,7.5,1.7,0.5,7.3,18.1,2.3,1.8,4.0,0.095,-0.3,-0.1,-0.5,0.8,0
108,Isaiah Canaan,PG,27,30,629,8.0,0.518,0.585,0.146,1.0,9.2,5.1,18.2,1.1,0.3,16.7,14.2,0.0,0.1,0.1,0.008,-2.7,-1.4,-4.1,-0.3,0
109,Isaiah Canaan,PG,27,19,503,7.3,0.515,0.5579999999999999,0.155,1.1,9.8,5.4,17.0,1.1,0.0,17.4,14.2,-0.1,0.0,-0.1,-0.006999999999999999,-3.3,-1.4,-4.6,-0.3,0
110,Isaiah Canaan,PG,27,7,95,12.3,0.536,0.655,0.138,0.0,5.7,2.8,26.9,1.0,0.9,11.5,15.4,0.1,0.0,0.2,0.079,0.7,-2.0,-1.3,0.0,0
111,Isaiah Canaan,PG,27,4,31,5.2,0.5,0.833,0.0,3.5,9.3,6.6,11.6,0.0,2.7,25.0,10.8,0.0,0.0,0.0,0.03,-3.3,-0.7,-4.0,0.0,0
112,Clint Capela,C,24,67,2249,23.8,0.6579999999999999,0.0,0.35700000000000004,14.4,27.6,20.8,7.1,1.0,3.9,10.0,18.2,7.8,3.0,10.8,0.23,3.3,-0.3,3.0,2.8,0
113,DeMarre Carroll,PF,32,67,1703,12.1,0.546,0.539,0.42100000000000004,4.2,17.3,10.8,7.2,0.9,0.5,9.7,18.6,1.5,1.6,3.1,0.08800000000000001,-0.9,-0.6,-1.5,0.2,0
114,Jevon Carter,PG,23,39,577,7.8,0.4320000000000001,0.551,0.17300000000000001,2.7,10.3,6.4,17.4,2.2,1.8,14.2,18.0,-0.7,0.7,0.0,-0.003,-4.1,0.1,-4.0,-0.3,0
115,Vince Carter,PF,42,76,1330,11.8,0.565,0.675,0.141,2.4,13.2,7.7,9.3,1.5,1.8,8.8,16.7,1.2,0.7,1.9,0.07,-0.4,-0.3,-0.7,0.5,0
116,Wendell Carter Jr.,C,19,44,1110,15.2,0.541,0.086,0.302,8.4,21.8,15.0,10.7,1.1,4.5,13.4,19.1,0.7,1.2,1.9,0.08,-2.2,0.6,-1.6,0.1,0
117,Michael Carter-Williams,PG,27,28,372,14.7,0.45799999999999996,0.309,0.431,5.4,15.0,10.1,26.5,2.6,3.4,12.0,19.4,0.2,0.6,0.8,0.099,-1.4,2.2,0.8,0.3,0
118,Michael Carter-Williams,PG,27,16,145,12.7,0.47600000000000003,0.311,0.426,2.2,7.8,5.0,22.7,3.0,3.5,12.1,24.7,0.0,0.2,0.1,0.044000000000000004,-2.8,1.2,-1.6,0.0,0
119,Michael Carter-Williams,PG,27,12,227,16.1,0.44,0.306,0.435,7.4,19.6,13.5,28.9,2.4,3.3,11.9,16.1,0.2,0.4,0.6,0.134,-0.5,2.9,2.4,0.3,0
120,Alex Caruso,PG,24,25,531,13.9,0.569,0.289,0.37,4.0,9.0,6.5,19.7,2.1,1.4,17.3,19.0,0.5,0.6,1.0,0.09300000000000001,-1.0,0.7,-0.2,0.2,0
121,Omri Casspi,SF,30,36,520,15.7,0.606,0.267,0.36,3.6,21.5,12.4,8.1,1.9,1.6,11.0,18.0,0.6,0.7,1.3,0.11900000000000001,-0.3,0.7,0.4,0.3,0
122,Willie Cauley-Stein,C,25,81,2213,18.0,0.5660000000000001,0.003,0.34299999999999997,8.2,23.7,15.8,12.3,2.0,2.0,9.0,17.5,3.8,2.9,6.7,0.146,0.2,1.1,1.2,1.8,0
123,Troy Caupain,PG,23,4,16,30.7,0.625,0.375,0.0,6.6,13.6,10.0,42.5,3.1,0.0,0.0,21.8,0.1,0.0,0.1,0.34700000000000003,9.6,3.7,13.3,0.1,0
124,Tyler Cavanaugh,PF,24,11,39,5.0,0.414,0.5,0.2,8.5,13.6,11.1,3.4,0.0,0.0,8.4,13.0,0.0,0.0,0.0,0.026000000000000002,-5.3,-3.1,-8.4,-0.1,0
125,Tyson Chandler,C,36,55,875,11.2,0.63,0.01,0.879,11.1,25.3,18.3,5.3,1.1,2.2,23.4,8.5,0.9,1.2,2.1,0.114,-2.9,0.8,-2.1,0.0,0
126,Tyson Chandler,C,36,7,89,11.5,0.653,0.0,1.5,8.6,40.5,24.3,9.1,1.1,0.9,26.0,13.0,0.1,0.1,0.2,0.092,-4.8,0.2,-4.6,-0.1,0
127,Tyson Chandler,C,36,48,786,11.2,0.626,0.011000000000000001,0.7929999999999999,11.4,23.6,17.6,4.8,1.1,2.3,23.0,8.0,0.9,1.1,1.9,0.11699999999999999,-2.7,0.9,-1.8,0.0,0
128,Wilson Chandler,PF-SF,31,51,1177,8.5,0.537,0.579,0.092,4.4,14.6,9.7,9.1,1.0,1.4,13.9,11.8,0.5,1.0,1.5,0.062,-2.3,-0.5,-2.8,-0.2,0
129,Wilson Chandler,PF,31,36,951,9.1,0.561,0.57,0.087,5.0,13.4,9.4,9.9,1.1,1.5,15.4,11.2,0.6,0.9,1.5,0.07400000000000001,-1.8,-0.2,-2.0,0.0,0
130,Wilson Chandler,SF,31,15,226,5.8,0.46299999999999997,0.606,0.106,1.9,19.5,11.0,5.9,0.6,1.1,9.2,14.2,-0.1,0.2,0.0,0.009000000000000001,-4.5,-1.6,-6.1,-0.2,0
131,Joe Chealey,PG,23,1,8,2.0,0.33299999999999996,0.0,0.0,0.0,0.0,0.0,17.7,0.0,0.0,0.0,16.2,0.0,0.0,0.0,-0.08,-8.5,-6.0,-14.6,0.0,0
132,Chris Chiozza,PG,23,7,33,7.0,0.375,0.625,0.0,3.3,10.3,6.7,16.1,1.5,2.6,11.1,11.8,0.0,0.0,0.0,0.023,-2.7,1.4,-1.3,0.0,0
133,Marquese Chriss,PF,21,43,499,9.2,0.455,0.4,0.25,8.6,23.6,15.8,6.5,1.7,1.9,15.3,20.6,-0.6,0.4,-0.2,-0.023,-5.7,-1.9,-7.5,-0.7,0
134,Marquese Chriss,PF,21,16,104,3.4,0.391,0.441,0.20600000000000002,7.3,22.8,14.9,8.2,0.9,3.3,24.4,20.5,-0.3,0.1,-0.2,-0.10099999999999999,-9.6,-1.7,-11.2,-0.2,0
135,Marquese Chriss,PF,21,27,395,10.7,0.47,0.39,0.26,8.9,23.8,16.0,6.1,1.9,1.5,12.9,20.7,-0.3,0.2,0.0,-0.003,-4.6,-1.9,-6.6,-0.5,0
136,Gary Clark,PF,24,51,641,9.2,0.48,0.914,0.046,4.1,16.2,10.0,3.8,1.5,3.5,4.3,10.9,0.3,0.7,1.0,0.071,-1.1,0.4,-0.7,0.2,0
137,Ian Clark,SG,27,60,973,8.3,0.502,0.527,0.09699999999999999,1.4,8.0,4.7,12.9,1.1,0.7,12.7,19.3,-0.4,0.3,-0.1,-0.003,-3.3,-1.8,-5.1,-0.8,0
138,Jordan Clarkson,SG,26,81,2214,16.8,0.539,0.377,0.163,3.9,9.9,6.8,15.6,1.3,0.5,9.6,27.6,1.9,-0.1,1.8,0.039,2.1,-2.6,-0.5,0.8,0
139,John Collins,PF,21,61,1829,21.8,0.627,0.19,0.32,12.3,22.1,17.1,11.0,0.6,1.8,11.2,23.7,5.0,1.0,6.0,0.158,2.8,-1.9,0.9,1.3,0
140,Zach Collins,C,21,77,1356,13.5,0.562,0.303,0.315,8.8,16.5,12.7,7.1,0.9,3.9,14.5,16.6,1.4,1.5,2.9,0.10400000000000001,-1.5,0.3,-1.2,0.3,0
141,Darren Collison,PG,31,76,2143,16.7,0.574,0.294,0.28800000000000003,1.9,9.9,6.0,29.9,2.5,0.4,14.4,17.7,3.9,2.9,6.8,0.153,0.8,1.0,1.8,2.1,0
142,Bonzie Colson,SF,23,8,98,12.9,0.45399999999999996,0.5379999999999999,0.231,8.8,21.5,15.5,4.0,2.4,0.9,6.5,19.6,0.0,0.2,0.2,0.085,-2.6,-0.8,-3.5,0.0,0
143,Mike Conley,PG,31,70,2342,21.4,0.569,0.38,0.363,1.9,9.7,5.7,33.4,2.0,0.9,9.1,27.3,5.7,2.3,8.0,0.16399999999999998,4.6,0.1,4.7,3.9,0
144,Pat Connaughton,SG,26,61,1261,13.6,0.573,0.5710000000000001,0.114,5.2,15.0,10.4,12.6,1.2,1.7,8.2,13.3,2.0,1.9,3.9,0.149,0.3,0.8,1.2,1.0,0
145,Quinn Cook,PG,25,74,1059,13.1,0.565,0.456,0.059000000000000004,2.3,13.0,7.9,15.2,0.9,0.2,10.0,20.2,1.0,0.8,1.8,0.08199999999999999,-0.5,-1.6,-2.1,0.0,0
146,DeMarcus Cousins,C,28,30,771,21.4,0.562,0.256,0.38799999999999996,6.2,27.0,17.1,20.4,2.5,4.8,14.2,28.1,0.9,1.5,2.4,0.151,0.4,2.6,3.0,1.0,0
147,Robert Covington,SF,28,35,1203,13.3,0.58,0.622,0.24600000000000002,2.5,14.6,8.5,5.2,2.9,3.2,10.5,15.6,0.9,1.6,2.5,0.1,-0.5,2.1,1.6,1.1,0
148,Robert Covington,SF,28,13,440,11.0,0.578,0.6579999999999999,0.19699999999999998,1.7,14.0,8.1,4.3,2.6,4.1,14.8,14.2,0.0,0.7,0.7,0.077,-1.7,2.2,0.5,0.3,0
149,Robert Covington,SF,28,22,763,14.7,0.58,0.604,0.26899999999999996,2.9,14.9,8.8,5.8,3.1,2.7,8.4,16.5,0.9,0.9,1.8,0.114,0.1,2.1,2.2,0.8,0
150,Allen Crabbe,SG,26,43,1133,7.7,0.519,0.6940000000000001,0.15,1.5,12.2,6.9,5.8,1.0,0.9,10.4,16.4,-0.2,1.0,0.8,0.035,-2.4,-0.4,-2.8,-0.2,0
151,Torrey Craig,SF,28,75,1503,10.4,0.547,0.519,0.193,6.4,12.6,9.5,6.3,1.2,2.7,10.1,12.4,1.4,1.7,3.0,0.096,-2.0,0.2,-1.9,0.0,0
152,Jamal Crawford,SG,38,64,1211,11.7,0.522,0.461,0.251,0.7,7.2,3.9,27.7,1.3,0.8,16.9,20.8,0.1,0.0,0.2,0.006,-1.1,-2.8,-3.9,-0.6,0
153,Mitch Creek,SF,26,5,48,20.2,0.55,0.125,0.43799999999999994,13.2,13.1,13.2,18.6,2.0,0.0,5.0,17.6,0.1,0.0,0.2,0.196,2.4,1.1,3.5,0.1,0
154,Mitch Creek,SF,26,4,36,21.5,0.573,0.1,0.7,14.6,14.5,14.6,20.2,1.3,0.0,0.0,15.3,0.2,0.0,0.2,0.258,3.7,2.0,5.7,0.1,0
155,Mitch Creek,SF,26,1,12,16.3,0.5,0.16699999999999998,0.0,8.8,9.0,8.9,13.6,4.0,0.0,14.3,24.5,0.0,0.0,0.0,0.011000000000000001,-1.7,-1.3,-3.0,0.0,0
156,Jae Crowder,SF,28,80,2166,12.1,0.5379999999999999,0.655,0.247,3.1,15.9,9.6,8.9,1.4,1.1,8.8,19.1,1.3,3.1,4.4,0.09699999999999999,-0.3,0.6,0.3,1.2,0
157,Dante Cunningham,PF,31,64,928,10.2,0.585,0.41100000000000003,0.114,5.7,16.3,11.0,6.8,1.4,1.2,11.7,8.9,1.0,0.9,1.9,0.09699999999999999,-1.3,0.6,-0.6,0.3,0
158,Seth Curry,SG,28,74,1399,11.4,0.595,0.54,0.11199999999999999,2.1,6.9,4.6,6.5,1.2,0.7,11.1,16.6,1.5,0.9,2.4,0.08199999999999999,-0.4,-0.7,-1.0,0.3,0
159,Stephen Curry,PG,30,69,2331,24.4,0.6409999999999999,0.604,0.214,2.2,14.2,8.4,24.2,1.9,0.9,11.6,30.4,7.2,2.5,9.7,0.19899999999999998,7.1,-0.5,6.6,5.1,0
160,Troy Daniels,SG,27,51,760,9.8,0.5579999999999999,0.705,0.084,1.9,8.9,5.3,5.0,1.6,0.5,8.7,17.6,0.2,0.1,0.3,0.02,-1.7,-2.0,-3.7,-0.3,0
161,Anthony Davis,C,25,56,1850,30.3,0.597,0.141,0.42200000000000004,9.9,27.5,18.8,19.0,2.2,6.0,8.4,29.5,6.4,3.1,9.5,0.247,7.1,2.3,9.4,5.3,1
162,Deyonta Davis,C,22,9,118,15.6,0.682,0.045,0.455,8.7,23.7,16.0,5.8,1.2,3.7,10.2,10.1,0.3,0.1,0.4,0.145,-1.5,-0.6,-2.0,0.0,0
163,Ed Davis,C,29,81,1446,17.3,0.632,0.006999999999999999,0.536,15.8,34.6,25.2,6.0,1.2,1.8,14.6,12.7,3.3,2.5,5.7,0.191,-0.6,0.7,0.0,0.7,0
164,Tyler Davis,C,21,1,1,0.0,0.0,0.0,0.0,100.0,0.0,51.6,0.0,0.0,0.0,0.0,40.7,0.0,0.0,0.0,-0.47100000000000003,-9.6,-31.1,-40.7,0.0,0
165,Dewayne Dedmon,C,29,64,1609,16.0,0.602,0.413,0.215,6.7,25.0,15.7,8.1,2.0,3.8,12.7,16.7,2.1,1.9,4.0,0.11900000000000001,-0.3,0.8,0.5,1.0,0
166,Sam Dekker,PF,24,47,788,13.3,0.519,0.242,0.18,7.2,13.5,10.2,8.3,2.3,0.7,8.0,16.2,0.6,0.5,1.0,0.064,-1.0,-0.7,-1.8,0.1,0
167,Sam Dekker,PF,24,9,169,14.0,0.544,0.271,0.20800000000000002,5.7,16.5,10.8,7.9,3.2,0.0,8.7,14.9,0.2,0.1,0.3,0.08,-0.9,-0.1,-1.1,0.0,0
168,Sam Dekker,PF,24,38,619,13.2,0.514,0.23600000000000002,0.17300000000000001,7.6,12.6,10.1,8.4,2.1,1.0,7.8,16.6,0.4,0.4,0.8,0.059000000000000004,-1.0,-0.9,-1.9,0.0,0
169,Ángel Delgado,C,24,2,15,4.3,0.255,0.0,0.4,14.6,13.7,14.1,0.0,3.1,0.0,0.0,16.5,0.0,0.0,0.0,-0.055,-7.0,-5.0,-12.0,0.0,0
170,Matthew Dellavedova,PG,28,48,812,11.1,0.532,0.537,0.215,0.8,9.9,5.2,31.9,0.8,0.2,20.4,17.9,0.5,0.0,0.5,0.027999999999999997,-1.7,-2.8,-4.4,-0.5,0
171,Matthew Dellavedova,PG,28,12,97,7.5,0.48200000000000004,0.579,0.21100000000000002,0.0,9.9,5.2,35.7,1.0,0.0,34.6,13.7,0.0,0.1,0.1,0.043,-3.5,-0.6,-4.1,-0.1,0
172,Matthew Dellavedova,PG,28,36,715,11.5,0.537,0.534,0.215,0.9,9.9,5.2,31.3,0.8,0.2,18.9,18.4,0.5,-0.1,0.4,0.026000000000000002,-1.4,-3.0,-4.5,-0.4,0
173,Luol Deng,SF,33,22,392,14.6,0.588,0.373,0.297,5.4,14.6,10.0,6.5,1.8,1.7,9.5,15.8,0.5,0.3,0.8,0.10099999999999999,0.2,-0.3,0.0,0.2,0
174,DeMar DeRozan,SG,29,77,2688,19.6,0.542,0.034,0.336,2.2,16.4,9.4,27.6,1.6,1.1,11.7,27.9,3.6,2.6,6.3,0.11199999999999999,1.0,0.1,1.1,2.2,0
175,Marcus Derrickson,PF,22,11,67,19.4,0.653,0.606,0.152,13.3,7.6,10.4,2.2,0.0,1.3,7.9,24.4,0.2,0.0,0.2,0.155,2.6,-5.3,-2.7,0.0,0
176,Cheick Diallo,PF,22,64,896,17.5,0.644,0.015,0.247,8.8,29.3,19.2,5.1,1.5,3.0,14.0,16.0,1.4,1.2,2.6,0.14,-1.1,0.1,-0.9,0.2,0
177,Hamidou Diallo,SG,20,51,526,10.1,0.4970000000000001,0.145,0.358,7.2,12.0,9.5,4.4,1.9,1.6,10.7,16.6,0.1,0.7,0.8,0.069,-4.4,0.2,-4.2,-0.3,0
178,Gorgui Dieng,C,29,76,1031,18.1,0.5720000000000001,0.149,0.281,8.3,24.1,16.1,10.3,2.2,3.4,11.9,19.6,1.5,1.3,2.8,0.132,-0.3,0.9,0.6,0.7,0
179,Spencer Dinwiddie,PG,25,68,1914,16.3,0.58,0.447,0.43,1.4,7.6,4.6,25.6,1.0,0.7,13.4,24.9,3.5,1.4,4.8,0.121,1.4,-0.8,0.6,1.3,0
180,Donte DiVincenzo,SG,22,27,411,9.1,0.507,0.669,0.09699999999999999,4.2,11.4,8.0,9.7,1.5,1.2,12.8,15.1,0.0,0.6,0.6,0.069,-2.8,0.6,-2.2,0.0,0
181,Luka Dončić,SG,19,72,2318,19.6,0.545,0.433,0.409,4.0,21.9,13.0,31.6,1.6,0.9,15.0,30.5,2.1,2.8,4.9,0.10099999999999999,3.6,0.3,3.9,3.4,1
182,Tyler Dorsey,SG,22,48,698,11.2,0.509,0.5,0.231,4.2,13.7,8.9,12.4,1.0,0.3,8.5,19.7,0.2,0.4,0.6,0.043,-1.4,-2.1,-3.5,-0.3,0
183,Tyler Dorsey,SG,22,27,251,7.8,0.44799999999999995,0.43799999999999994,0.292,3.7,14.6,9.0,9.3,1.3,0.3,9.1,17.9,-0.2,0.1,-0.1,-0.01,-3.4,-1.5,-4.9,-0.2,0
184,Tyler Dorsey,SG,22,21,447,13.1,0.541,0.531,0.2,4.4,13.3,8.8,14.2,0.8,0.2,8.2,20.7,0.4,0.3,0.7,0.073,-0.3,-2.4,-2.7,-0.1,0
185,Damyean Dotson,SG,24,73,2004,10.8,0.526,0.49,0.14,1.7,12.2,6.8,10.4,1.4,0.4,8.7,17.3,0.7,0.9,1.5,0.037000000000000005,-1.7,-0.9,-2.6,-0.3,0
186,PJ Dozier,SG,22,6,51,16.0,0.434,0.381,0.095,12.5,23.1,17.8,13.7,1.9,0.0,0.0,18.5,0.1,0.1,0.1,0.125,-1.3,-0.6,-2.0,0.0,0
187,Goran Dragić,PG,32,36,991,13.9,0.517,0.379,0.233,2.1,9.8,6.0,27.3,1.5,0.5,12.9,23.7,0.6,1.0,1.6,0.079,-0.5,-0.6,-1.1,0.2,0
188,Andre Drummond,C,25,79,2647,23.4,0.555,0.036000000000000004,0.392,16.8,34.7,25.4,7.2,2.5,4.4,12.4,22.9,4.1,5.9,10.0,0.18100000000000002,1.3,0.8,2.1,2.7,0
189,Jared Dudley,PF,33,59,1220,7.8,0.5539999999999999,0.632,0.192,2.9,10.4,6.7,9.2,1.4,1.0,14.2,10.4,0.6,1.2,1.8,0.07,-2.9,1.1,-1.8,0.1,0
190,Kris Dunn,PG,24,46,1389,12.4,0.484,0.19,0.136,1.5,13.3,7.3,30.0,2.4,1.3,16.2,20.1,-0.5,1.2,0.6,0.022000000000000002,-2.8,0.2,-2.7,-0.2,0
191,Kevin Durant,SF,30,78,2702,24.2,0.631,0.281,0.366,1.4,17.5,9.8,26.2,1.0,2.6,12.3,29.0,8.6,2.9,11.5,0.204,5.4,0.1,5.5,5.1,0
192,Trevon Duval,PG,20,3,6,38.3,0.833,0.33299999999999996,0.0,0.0,16.0,8.5,59.0,0.0,0.0,0.0,20.9,0.1,0.0,0.1,0.537,19.1,5.3,24.4,0.0,0
193,Vince Edwards,SF,22,2,16,3.8,0.375,1.0,0.0,6.8,7.1,6.9,0.0,0.0,0.0,0.0,10.9,0.0,0.0,0.0,-0.013999999999999999,-1.6,-4.8,-6.4,0.0,0
194,Henry Ellenson,PF,22,19,259,13.1,0.5379999999999999,0.4,0.263,2.0,25.5,13.4,9.6,1.3,0.7,7.8,19.0,0.2,0.2,0.4,0.077,-1.0,-0.5,-1.5,0.0,0
195,Henry Ellenson,PF,22,2,25,14.8,0.551,0.4,0.2,0.0,40.9,19.7,6.2,0.0,0.0,0.0,18.8,0.0,0.0,0.1,0.149,2.1,0.2,2.2,0.0,0
196,Henry Ellenson,PF,22,17,234,12.9,0.536,0.4,0.271,2.2,23.8,12.7,10.0,1.4,0.7,8.6,19.0,0.1,0.2,0.3,0.07,-1.4,-0.5,-1.9,0.0,0
197,Wayne Ellington,SG,31,53,1297,11.8,0.569,0.8140000000000001,0.107,1.1,7.9,4.5,8.3,2.0,0.4,7.7,17.2,1.3,1.4,2.6,0.09699999999999999,-0.3,0.3,0.0,0.7,0
198,Wayne Ellington,SG,31,25,533,10.8,0.547,0.8420000000000001,0.087,1.2,8.2,4.7,7.8,2.2,0.5,6.8,16.5,0.4,0.6,1.0,0.091,-0.7,0.9,0.2,0.3,0
199,Wayne Ellington,SG,31,28,764,12.5,0.584,0.795,0.121,1.1,7.7,4.3,8.6,1.9,0.3,8.3,17.7,0.9,0.7,1.6,0.102,0.0,-0.1,-0.1,0.4,0
200,Joel Embiid,C,24,64,2154,26.1,0.593,0.21899999999999997,0.541,8.1,34.0,21.4,18.4,1.0,4.4,13.2,33.3,4.9,3.8,8.7,0.19399999999999998,4.0,0.9,4.9,3.8,1
201,James Ennis,SF,28,58,1230,11.0,0.59,0.531,0.276,5.3,10.9,8.1,4.7,1.6,1.6,9.3,12.7,1.6,1.0,2.6,0.10300000000000001,-1.4,-0.2,-1.5,0.1,0
202,James Ennis,SF,28,40,949,11.3,0.622,0.569,0.275,4.2,9.5,6.8,4.1,2.0,1.4,8.9,11.9,1.4,0.8,2.2,0.11199999999999999,-1.0,0.1,-0.9,0.3,0
203,James Ennis,SF,28,18,281,9.9,0.51,0.434,0.27699999999999997,8.9,15.4,12.2,6.7,0.5,2.0,10.6,15.5,0.2,0.2,0.4,0.071,-2.6,-1.1,-3.7,-0.1,0
204,Drew Eubanks,PF,21,23,113,15.1,0.6459999999999999,0.0,0.5,5.8,26.8,16.4,8.3,0.9,3.7,20.1,15.5,0.1,0.2,0.3,0.12,-1.9,0.7,-1.3,0.0,0
205,Jacob Evans,SG,21,30,204,3.5,0.374,0.28300000000000003,0.019,3.3,9.5,6.5,13.7,1.2,1.2,17.1,13.5,-0.3,0.2,-0.1,-0.03,-6.9,-1.2,-8.2,-0.3,0
206,Jawun Evans,PG,22,8,65,0.1,0.214,0.214,0.0,1.7,19.0,10.2,19.7,2.2,0.0,30.0,13.2,-0.2,0.0,-0.2,-0.151,-10.4,0.1,-10.3,-0.1,0
207,Jawun Evans,PG,22,7,64,0.7,0.231,0.154,0.0,1.7,19.3,10.4,20.0,2.2,0.0,31.6,12.7,-0.2,0.0,-0.2,-0.139,-9.8,0.5,-9.2,-0.1,0
208,Jawun Evans,PG,22,1,1,-38.1,0.0,1.0,0.0,0.0,0.0,0.0,0.0,0.0,0.0,0.0,40.7,0.0,0.0,0.0,-0.946,-52.4,-29.1,-81.4,0.0,0
209,Tyreke Evans,SG,29,69,1402,11.5,0.483,0.327,0.242,2.7,13.0,7.9,17.5,2.0,1.1,13.9,26.4,-1.7,2.0,0.3,0.01,-2.4,-0.3,-2.7,-0.2,0
210,Dante Exum,PG,23,42,664,11.2,0.516,0.257,0.35700000000000004,2.7,8.3,5.5,24.1,1.0,0.6,15.7,21.3,0.2,0.7,1.0,0.069,-2.0,-0.1,-2.1,0.0,0
211,Kenneth Faried,C,29,37,728,21.6,0.622,0.094,0.374,14.4,23.4,18.8,4.6,1.1,2.7,9.7,20.3,2.1,0.9,2.9,0.193,1.3,-1.5,-0.2,0.3,0
212,Kenneth Faried,C,29,12,118,20.5,0.622,0.11900000000000001,0.381,13.4,25.7,19.6,2.8,0.8,2.7,10.9,19.6,0.2,0.2,0.4,0.168,1.5,-1.1,0.4,0.1,0
213,Kenneth Faried,C,29,25,610,21.8,0.622,0.09,0.3720000000000001,14.6,23.0,18.7,4.9,1.2,2.6,9.4,20.4,1.8,0.7,2.5,0.198,1.3,-1.6,-0.4,0.3,0
214,Derrick Favors,C,27,76,1766,21.8,0.624,0.126,0.368,12.9,21.3,17.2,8.0,1.5,4.8,10.5,19.4,4.4,3.5,7.9,0.215,1.8,1.5,3.3,2.4,0
215,Cristiano Felício,C,26,60,746,13.4,0.568,0.022000000000000002,0.408,11.4,20.5,15.9,7.2,0.7,0.8,13.5,14.3,0.9,0.4,1.4,0.08800000000000001,-2.0,-2.1,-4.1,-0.4,0
216,Raymond Felton,PG,34,33,379,11.2,0.505,0.452,0.096,1.1,8.4,4.6,18.7,1.2,1.3,9.0,16.6,0.3,0.4,0.7,0.087,-1.7,0.4,-1.3,0.1,0
217,Terrance Ferguson,SG,20,74,1931,6.4,0.5660000000000001,0.6729999999999999,0.11800000000000001,1.7,6.0,3.8,4.8,1.0,0.7,9.4,10.6,1.2,1.6,2.8,0.07,-3.9,0.1,-3.8,-0.9,0
218,Yogi Ferrell,PG,25,71,1067,12.7,0.55,0.423,0.19,1.2,9.5,5.3,17.0,1.6,0.3,9.5,16.3,1.3,0.6,1.9,0.087,-1.0,-0.4,-1.4,0.2,0
219,Dorian Finney-Smith,SF,25,81,1985,11.0,0.53,0.48100000000000004,0.195,7.5,13.4,10.5,6.9,1.7,1.5,11.4,14.0,1.2,2.0,3.3,0.079,-1.8,0.4,-1.4,0.3,0
220,Bryn Forbes,SG,25,82,2293,12.0,0.586,0.522,0.099,0.9,10.4,5.7,10.6,1.0,0.1,8.8,17.4,2.5,1.3,3.8,0.079,-0.3,-0.9,-1.2,0.5,0
221,Evan Fournier,SG,26,81,2553,12.3,0.536,0.42100000000000004,0.159,1.6,9.4,5.4,17.6,1.4,0.4,11.9,22.1,0.8,2.5,3.2,0.061,-1.8,-0.6,-2.4,-0.3,0
222,De'Aaron Fox,PG,21,81,2546,18.1,0.544,0.21100000000000002,0.37799999999999995,1.7,10.8,6.2,33.2,2.4,1.5,15.0,24.5,3.2,2.5,5.6,0.106,1.3,0.2,1.5,2.3,0
223,Melvin Frazier,SG,22,10,44,1.2,0.33,0.28600000000000003,0.19,7.2,4.9,6.1,3.3,1.1,0.0,4.2,23.5,-0.2,0.0,-0.1,-0.133,-11.3,-3.2,-14.5,-0.1,0
224,Tim Frazier,PG,28,59,1120,11.7,0.544,0.387,0.207,3.9,11.5,7.7,27.6,1.2,0.4,21.1,13.3,1.3,0.7,2.0,0.084,-1.4,-0.4,-1.8,0.1,0
225,Tim Frazier,PG,28,47,909,11.6,0.552,0.395,0.21,3.7,11.8,7.8,28.0,1.3,0.4,22.0,12.3,1.1,0.4,1.5,0.081,-1.2,-0.2,-1.3,0.2,0
226,Tim Frazier,PG,28,12,211,11.8,0.523,0.364,0.19699999999999998,4.6,10.0,7.5,26.0,1.1,0.4,18.2,17.4,0.2,0.3,0.4,0.09699999999999999,-2.4,-1.2,-3.6,-0.1,0
227,Jimmer Fredette,SG,29,6,65,3.6,0.348,0.44799999999999995,0.207,1.7,10.4,6.0,17.5,2.2,0.0,13.6,24.2,-0.2,0.0,-0.2,-0.166,-8.4,-2.9,-11.3,-0.2,0
228,Channing Frye,C,35,36,341,8.9,0.524,0.675,0.12,1.2,16.4,8.5,8.6,0.9,1.3,9.5,17.5,0.1,0.0,0.1,0.016,-1.7,-1.8,-3.5,-0.1,0
229,Markelle Fultz,SG,20,19,427,10.5,0.452,0.09,0.239,6.6,10.6,8.7,19.5,1.9,0.9,12.7,19.3,-0.1,0.4,0.3,0.035,-3.3,0.2,-3.1,-0.1,0
230,Danilo Gallinari,SF,30,68,2059,21.0,0.633,0.42100000000000004,0.45899999999999996,2.9,18.1,10.7,13.2,1.1,0.9,8.5,23.8,6.4,1.8,8.2,0.191,4.9,-0.5,4.3,3.3,0
231,Langston Galloway,SG,27,80,1745,10.7,0.534,0.647,0.16399999999999998,3.0,7.9,5.4,7.3,1.0,0.4,3.7,16.1,2.1,1.3,3.4,0.094,-0.9,-0.6,-1.5,0.2,0
232,Billy Garrett,SG,24,4,63,9.8,0.452,0.29600000000000004,0.14800000000000002,0.0,5.1,2.5,18.0,0.8,1.3,6.5,20.9,0.0,0.0,0.0,-0.019,-3.9,-1.7,-5.5,-0.1,0
233,Marc Gasol,C,34,79,2436,16.7,0.546,0.314,0.29100000000000004,3.6,25.1,14.3,22.2,1.7,3.2,13.6,20.7,2.0,4.0,6.0,0.11800000000000001,0.8,2.3,3.1,3.1,0
234,Marc Gasol,C,34,53,1788,16.9,0.541,0.324,0.294,3.5,25.5,14.3,22.6,1.7,3.3,13.4,22.3,1.0,2.8,3.9,0.10400000000000001,1.1,2.1,3.2,2.3,0
235,Marc Gasol,C,34,26,648,16.0,0.565,0.278,0.278,4.1,24.0,14.3,21.2,1.8,2.9,14.6,16.3,0.9,1.2,2.1,0.157,0.1,2.8,2.9,0.8,0
236,Pau Gasol,C,38,30,360,16.7,0.529,0.138,0.426,6.7,34.2,20.6,19.1,0.7,3.5,12.5,15.6,0.5,0.5,1.1,0.142,1.0,2.1,3.1,0.5,0
237,Pau Gasol,C,38,27,330,18.0,0.544,0.114,0.4320000000000001,7.3,34.4,21.0,20.2,0.7,3.6,11.8,15.8,0.6,0.5,1.1,0.16,1.6,2.3,3.9,0.5,0
238,Pau Gasol,C,38,3,30,1.7,0.29100000000000004,0.5,0.33299999999999996,0.0,31.9,16.9,7.7,0.0,2.8,22.5,12.4,-0.1,0.1,0.0,-0.063,-5.3,0.6,-4.7,0.0,0
239,Rudy Gay,PF,32,69,1842,17.5,0.583,0.247,0.19699999999999998,3.8,23.9,13.9,14.7,1.4,1.6,12.3,22.1,2.2,2.2,4.4,0.115,0.8,0.6,1.4,1.6,0
240,Paul George,SF,28,77,2841,23.3,0.583,0.469,0.335,3.7,19.6,11.4,17.7,2.8,1.0,10.0,29.5,7.0,4.9,11.9,0.201,5.6,1.6,7.2,6.6,0
241,Taj Gibson,PF,33,70,1686,17.8,0.612,0.063,0.33,10.8,18.3,14.5,7.3,1.5,2.0,10.6,17.2,3.7,1.4,5.1,0.14400000000000002,0.3,-0.4,-0.1,0.8,0
242,Harry Giles,PF,20,58,820,14.4,0.526,0.017,0.261,8.1,20.1,14.0,15.2,1.8,2.3,15.8,23.2,0.0,1.0,1.0,0.055999999999999994,-3.4,0.4,-3.0,-0.2,0
243,Shai Gilgeous-Alexander,PG,20,82,2174,13.4,0.5539999999999999,0.19399999999999998,0.272,2.9,8.3,5.7,17.8,2.1,1.6,15.0,18.3,1.5,1.9,3.3,0.07400000000000001,-0.9,0.4,-0.5,0.8,0
244,Rudy Gobert,C,26,81,2577,24.6,0.682,0.0,0.733,13.2,30.2,21.9,9.6,1.2,5.8,12.1,17.8,8.7,5.7,14.4,0.268,3.0,2.5,5.4,4.8,1
245,Brandon Goodwin,PG,23,16,57,8.3,0.413,0.261,0.478,1.9,3.8,2.8,32.1,0.0,0.0,9.7,23.1,0.0,0.0,0.0,0.021,-4.7,-4.8,-9.5,-0.1,0
246,Aaron Gordon,PF,23,78,2633,15.1,0.5379999999999999,0.332,0.242,5.2,18.4,11.7,16.6,1.1,1.8,12.3,21.8,1.8,3.3,5.1,0.09300000000000001,0.3,0.3,0.6,1.7,0
247,Eric Gordon,SG,30,68,2158,12.2,0.5489999999999999,0.64,0.162,0.9,6.9,3.8,9.4,0.9,1.1,8.2,22.0,1.7,1.0,2.6,0.059000000000000004,0.5,-1.8,-1.3,0.4,0
248,Marcin Gortat,C,34,47,751,12.8,0.562,0.0,0.258,9.8,26.5,18.4,12.0,0.4,2.5,19.4,14.4,0.6,0.8,1.4,0.08900000000000001,-1.7,0.4,-1.3,0.1,0
249,Devonte' Graham,PG,23,46,676,10.3,0.45899999999999996,0.56,0.213,1.6,8.6,5.0,24.8,1.7,0.3,11.3,17.0,0.2,0.3,0.5,0.035,-2.6,-1.3,-4.0,-0.3,0
250,Treveon Graham,SG,25,35,715,6.1,0.45799999999999996,0.67,0.115,3.4,12.3,7.9,6.5,0.9,0.8,7.8,12.8,-0.1,0.6,0.5,0.033,-3.7,0.0,-3.7,-0.3,0
251,Jerami Grant,PF,24,80,2612,13.8,0.5920000000000001,0.35600000000000004,0.26899999999999996,3.7,13.1,8.2,4.2,1.1,3.2,6.8,15.4,4.0,3.3,7.3,0.134,-0.4,0.6,0.2,1.5,0
252,Jerian Grant,PG,26,60,939,10.8,0.526,0.5,0.182,2.1,9.1,5.6,22.4,2.3,0.5,17.7,13.4,0.5,1.1,1.7,0.085,-2.9,1.3,-1.6,0.1,0
253,Donte Grantham,SF,23,3,2,-38.1,0.0,1.0,0.0,0.0,0.0,0.0,0.0,0.0,0.0,0.0,40.7,0.0,0.0,0.0,-0.946,-23.6,-14.0,-37.6,0.0,0
254,Danny Green,SG,31,80,2216,13.0,0.632,0.69,0.07,3.0,12.2,7.7,7.7,1.6,2.0,10.4,14.1,3.0,2.9,5.9,0.128,1.1,0.8,2.0,2.2,0
255,Draymond Green,PF,28,66,2065,12.9,0.526,0.391,0.21600000000000005,3.2,20.8,12.4,26.8,2.2,2.8,26.8,13.1,1.1,3.2,4.3,0.1,-1.3,2.7,1.4,1.8,0
256,Gerald Green,SG,33,73,1473,11.4,0.555,0.763,0.11800000000000001,2.2,11.7,6.8,4.1,1.1,1.6,8.3,19.5,0.9,1.0,1.9,0.061,-0.2,-1.5,-1.7,0.1,0
257,JaMychal Green,PF,28,65,1371,14.7,0.5870000000000001,0.37,0.212,8.3,24.3,16.4,5.8,1.6,2.3,14.3,19.4,0.9,1.9,2.9,0.10099999999999999,-1.3,-0.4,-1.7,0.1,0
258,JaMychal Green,PF,28,41,900,14.9,0.58,0.308,0.256,8.8,22.8,15.7,6.5,1.8,2.7,15.6,20.4,0.4,1.4,1.8,0.094,-1.8,0.0,-1.8,0.1,0
259,JaMychal Green,PF,28,24,471,14.3,0.6,0.488,0.128,7.4,27.3,17.7,4.3,1.2,1.3,11.7,17.6,0.5,0.6,1.1,0.113,-0.3,-1.2,-1.5,0.1,0
260,Jeff Green,PF,32,77,2097,13.6,0.608,0.466,0.3,2.9,13.3,8.0,9.2,1.0,1.6,11.5,17.8,2.8,0.8,3.6,0.083,0.0,-1.4,-1.4,0.3,0
261,Blake Griffin,PF,29,75,2622,21.0,0.581,0.389,0.41,4.0,20.1,11.8,27.1,1.0,0.9,13.8,30.2,5.1,2.9,8.0,0.147,4.9,0.2,5.1,4.7,0
262,Daniel Hamilton,SG,23,19,204,7.1,0.455,0.38299999999999995,0.1,5.0,19.5,12.1,14.5,1.4,0.4,20.3,15.7,-0.2,0.1,-0.1,-0.024,-3.6,-0.5,-4.1,-0.1,0
263,Dusty Hannahs,SG,25,2,26,4.5,0.311,0.41700000000000004,0.16699999999999998,0.0,4.4,2.2,28.8,1.9,0.0,7.2,23.9,-0.1,0.0,-0.1,-0.125,-6.5,-3.2,-9.7,-0.1,0
264,Tim Hardaway Jr.,SG,26,65,2057,13.6,0.527,0.48,0.278,1.7,9.8,5.7,12.8,1.3,0.3,8.6,25.4,1.0,0.9,1.8,0.043,-0.1,-2.0,-2.0,0.0,0
265,Tim Hardaway Jr.,SG,26,46,1499,14.4,0.531,0.46399999999999997,0.321,1.8,9.7,5.6,13.5,1.4,0.3,8.9,25.9,1.0,0.5,1.5,0.048,0.4,-1.9,-1.6,0.2,0
266,Tim Hardaway Jr.,SG,26,19,558,11.6,0.514,0.524,0.161,1.4,10.3,5.9,10.9,1.0,0.3,7.7,23.9,0.0,0.4,0.4,0.03,-1.2,-2.0,-3.2,-0.2,0
267,James Harden,PG,29,78,2867,30.6,0.616,0.539,0.449,2.5,17.8,10.0,39.5,2.7,1.7,14.5,40.5,11.4,3.8,15.2,0.254,9.4,1.6,11.0,9.3,1
268,Maurice Harkless,SF,25,60,1415,13.2,0.547,0.309,0.188,5.9,14.1,10.1,7.1,2.3,3.0,9.7,13.9,1.5,1.9,3.4,0.114,-1.0,1.7,0.7,1.0,0
269,Montrezl Harrell,C,25,82,2158,23.4,0.636,0.019,0.466,9.3,16.7,13.1,12.5,1.6,4.0,11.0,23.5,6.1,2.6,8.7,0.193,2.6,0.7,3.3,2.9,0
270,Devin Harris,PG,35,68,1071,10.7,0.527,0.5760000000000001,0.386,1.2,9.9,5.6,16.7,1.6,1.3,12.1,18.5,0.6,0.9,1.5,0.068,-2.6,0.4,-2.2,-0.1,0
271,Gary Harris,SG,24,57,1639,12.2,0.526,0.38,0.226,2.7,7.9,5.3,11.0,1.6,1.0,8.9,20.0,1.1,1.5,2.6,0.076,-1.2,-0.4,-1.6,0.2,0
272,Joe Harris,SG,27,76,2293,13.5,0.645,0.516,0.17800000000000002,2.4,10.9,6.7,11.9,0.8,0.6,13.0,17.0,3.8,1.7,5.5,0.11599999999999999,0.8,-0.3,0.5,1.4,0
273,Tobias Harris,PF,26,82,2847,17.2,0.5920000000000001,0.313,0.245,2.6,20.8,12.0,12.5,0.8,1.0,9.8,22.8,4.5,2.6,7.1,0.12,2.1,-0.5,1.6,2.6,0
274,Tobias Harris,PF,26,55,1903,18.2,0.605,0.302,0.256,2.1,21.3,12.0,12.5,1.0,1.0,10.3,23.5,3.2,1.8,5.0,0.127,2.7,-0.2,2.4,2.1,0
275,Tobias Harris,PF,26,27,944,15.3,0.562,0.33799999999999997,0.221,3.7,19.7,11.9,12.6,0.6,1.1,8.8,21.3,1.2,0.9,2.1,0.105,0.9,-1.0,-0.1,0.5,0
276,Andrew Harrison,PG,24,17,187,5.8,0.44299999999999995,0.47200000000000003,0.34,3.4,8.5,5.8,17.1,1.1,0.9,16.5,16.8,-0.1,0.0,-0.1,-0.027000000000000003,-5.8,-1.2,-7.1,-0.2,0
277,Andrew Harrison,PG,24,1,5,4.6,0.5,0.5,0.0,0.0,0.0,0.0,0.0,0.0,0.0,0.0,17.9,0.0,0.0,0.0,-0.013000000000000001,-11.2,-4.2,-15.4,0.0,0
278,Andrew Harrison,PG,24,10,144,6.6,0.467,0.359,0.41,3.0,8.9,5.8,16.3,1.4,1.2,17.8,17.0,-0.1,0.0,-0.1,-0.022000000000000002,-5.6,-0.6,-6.2,-0.2,0
279,Andrew Harrison,PG,24,6,38,3.1,0.349,0.833,0.16699999999999998,5.5,8.1,6.8,22.3,0.0,0.0,13.4,16.1,0.0,0.0,0.0,-0.051,-6.0,-3.2,-9.2,-0.1,0
280,Shaquille Harrison,SG,25,73,1430,12.4,0.494,0.209,0.289,2.5,14.5,8.4,14.1,3.0,1.8,11.1,16.5,-0.1,1.6,1.4,0.048,-2.8,1.5,-1.3,0.2,0
281,Josh Hart,SG,23,67,1715,9.3,0.526,0.591,0.172,2.2,12.6,7.5,7.0,1.7,1.9,10.4,13.5,0.2,1.9,2.1,0.059000000000000004,-2.3,1.0,-1.3,0.3,0
282,Isaiah Hartenstein,PF,20,28,221,10.0,0.562,0.146,0.341,10.3,13.3,11.8,9.4,1.6,4.6,21.6,11.8,0.2,0.3,0.5,0.10099999999999999,-5.1,1.2,-3.9,-0.1,0
283,Udonis Haslem,C,38,10,74,3.6,0.36,0.364,0.121,4.3,34.5,19.4,4.0,0.0,0.0,7.9,21.9,-0.2,0.1,-0.1,-0.075,-8.4,-2.4,-10.9,-0.2,0
284,Gordon Hayward,PF,28,72,1863,15.6,0.575,0.364,0.294,2.9,15.5,9.2,18.4,1.6,1.1,12.8,19.0,2.6,2.3,4.9,0.126,0.4,0.4,0.8,1.3,0
285,John Henson,C,28,14,188,17.1,0.5529999999999999,0.46299999999999997,0.149,9.2,28.0,19.2,10.1,1.7,4.9,14.4,18.6,0.1,0.4,0.6,0.146,0.4,2.1,2.5,0.2,0
286,Juan Hernangómez,PF,23,70,1358,11.0,0.58,0.5760000000000001,0.27399999999999997,5.1,16.1,10.6,5.3,1.0,1.6,9.5,12.2,1.6,1.4,3.0,0.105,-0.9,-0.2,-1.1,0.3,0
287,Willy Hernangómez,C,24,58,812,20.4,0.5870000000000001,0.132,0.488,15.3,26.3,20.7,11.5,1.0,2.1,13.9,22.1,1.8,0.8,2.6,0.153,1.1,-1.1,-0.1,0.4,0
288,Mario Hezonja,SF,23,58,1206,10.8,0.4970000000000001,0.32799999999999996,0.24600000000000002,2.4,18.7,10.4,11.5,2.3,0.6,14.6,21.3,-1.1,1.1,-0.1,-0.003,-3.5,-0.3,-3.8,-0.5,0
289,Isaiah Hicks,PF,24,3,32,17.4,0.588,0.0,0.625,6.4,16.7,11.4,9.4,1.5,7.9,8.9,15.0,0.1,0.0,0.1,0.153,-2.1,2.2,0.1,0.0,0
290,Buddy Hield,SG,26,82,2615,17.5,0.5870000000000001,0.479,0.142,4.1,12.4,8.1,11.9,1.0,1.1,9.2,25.1,4.3,1.6,5.9,0.10800000000000001,3.5,-1.4,2.1,2.7,0
291,Haywood Highsmith,SF,22,5,40,4.5,0.414,0.5,0.2,0.0,12.9,6.6,6.6,1.2,0.0,8.4,12.4,0.0,0.0,0.0,-0.023,-5.8,-2.4,-8.2,-0.1,0
292,Nenê,C,36,42,546,11.9,0.552,0.026000000000000002,0.405,6.7,18.4,12.5,6.8,1.6,2.3,7.4,11.7,0.8,0.6,1.4,0.12300000000000001,-3.1,0.9,-2.2,0.0,0
293,George Hill,PG,32,60,1302,12.1,0.5539999999999999,0.40700000000000003,0.226,3.2,8.3,5.9,14.0,1.9,0.5,11.0,15.1,1.5,1.3,2.8,0.10300000000000001,-1.9,0.5,-1.4,0.2,0
294,George Hill,PG,32,13,344,13.5,0.604,0.262,0.187,3.7,5.1,4.4,16.2,1.7,0.3,14.7,17.3,0.5,0.0,0.5,0.066,-0.7,-1.2,-2.0,0.0,0
295,George Hill,PG,32,47,958,11.6,0.534,0.465,0.242,3.0,9.4,6.4,13.3,1.9,0.6,9.4,14.4,1.0,1.4,2.3,0.11699999999999999,-2.3,1.1,-1.2,0.2,0
296,Solomon Hill,SF,27,44,878,6.8,0.4970000000000001,0.5670000000000001,0.18,4.1,11.5,7.8,7.6,1.2,0.9,13.9,10.4,0.1,0.4,0.5,0.028999999999999998,-3.1,-0.4,-3.6,-0.3,0
297,Aaron Holiday,PG,22,50,646,11.9,0.518,0.485,0.191,0.9,10.4,5.8,19.3,1.6,1.8,12.3,21.9,0.1,0.8,0.9,0.065,-1.7,0.1,-1.6,0.1,0
298,Jrue Holiday,SG,28,67,2402,19.4,0.555,0.313,0.23399999999999999,3.3,11.0,7.2,31.8,2.1,1.8,14.1,25.4,3.5,1.9,5.4,0.10800000000000001,3.1,-0.1,3.0,3.1,0
299,Justin Holiday,SG,29,82,2607,10.0,0.52,0.598,0.136,1.9,11.9,6.8,8.1,2.3,1.2,11.2,15.7,-0.4,2.5,2.1,0.038,-2.3,0.5,-1.8,0.1,0
300,Justin Holiday,SG,29,38,1325,11.0,0.531,0.685,0.11699999999999999,1.5,12.4,6.9,9.1,2.5,1.4,10.2,15.2,0.2,1.1,1.3,0.047,-1.3,1.1,-0.3,0.6,0
301,Justin Holiday,SG,29,44,1282,8.9,0.509,0.509,0.157,2.3,11.3,6.7,7.1,2.1,1.1,12.2,16.3,-0.6,1.4,0.8,0.028999999999999998,-3.3,-0.1,-3.4,-0.5,0
302,John Holland,SF,30,1,1,0.0,,,,0.0,0.0,0.0,0.0,0.0,0.0,,0.0,0.0,0.0,0.0,-0.032,-3.4,-1.6,-5.0,0.0,0
303,Rondae Hollis-Jefferson,SF,24,59,1234,12.5,0.46399999999999997,0.10099999999999999,0.376,7.1,19.2,13.2,11.7,1.7,1.7,10.7,21.6,-0.5,1.7,1.2,0.047,-3.0,0.4,-2.6,-0.2,0
304,Richaun Holmes,C,25,70,1184,20.7,0.647,0.0,0.479,10.6,20.5,15.5,7.9,1.7,5.6,10.5,17.9,3.1,1.1,4.3,0.17300000000000001,0.1,0.5,0.6,0.8,0
305,Rodney Hood,SG,26,72,1893,12.3,0.545,0.35200000000000004,0.231,1.4,7.9,4.6,10.0,1.5,0.5,6.9,18.1,2.1,0.5,2.6,0.065,-1.2,-0.8,-2.0,0.0,0
306,Rodney Hood,SG,26,45,1234,13.0,0.542,0.335,0.251,1.6,8.8,5.0,11.5,1.5,0.4,6.7,19.1,1.5,0.0,1.5,0.059000000000000004,-1.0,-1.1,-2.1,0.0,0
307,Rodney Hood,SG,26,27,659,10.9,0.5489999999999999,0.387,0.18899999999999997,1.2,6.0,3.6,7.1,1.5,0.9,7.5,16.3,0.6,0.5,1.1,0.077,-1.7,-0.3,-2.0,0.0,0
308,Al Horford,C,32,68,1973,20.2,0.605,0.281,0.131,6.5,18.3,12.4,21.2,1.4,3.9,11.8,18.9,4.5,2.9,7.5,0.18100000000000002,3.3,1.9,5.1,3.6,0
309,Danuel House,SF,25,39,979,12.2,0.6459999999999999,0.706,0.282,2.8,13.3,7.9,5.9,1.1,1.0,11.0,14.1,1.6,0.7,2.3,0.113,0.1,-0.5,-0.5,0.4,0
310,Dwight Howard,C,33,9,230,17.4,0.638,0.0,0.696,11.1,28.3,19.6,2.6,1.4,1.5,15.1,19.6,0.4,0.2,0.6,0.124,-1.3,-1.7,-3.0,-0.1,0
311,Kevin Huerter,SG,20,75,2048,10.1,0.5329999999999999,0.537,0.085,3.0,9.7,6.3,14.5,1.5,1.1,13.8,15.7,0.7,0.7,1.5,0.034,-1.6,-0.8,-2.4,-0.2,0
312,Isaac Humphries,C,21,5,56,3.4,0.35700000000000004,0.524,0.0,7.4,13.4,10.3,0.0,0.8,0.0,0.0,15.2,-0.1,0.0,-0.1,-0.047,-6.2,-4.7,-11.0,-0.1,0
313,R.J. Hunter,SG,25,1,26,21.5,0.612,0.769,0.154,4.1,8.2,6.2,18.0,1.9,0.0,0.0,23.0,0.1,0.0,0.1,0.226,3.2,0.4,3.6,0.0,0
314,Chandler Hutchison,SF,22,44,895,8.8,0.507,0.239,0.182,3.7,18.9,11.2,5.3,1.2,0.6,10.0,12.2,0.0,0.6,0.6,0.03,-3.4,-0.5,-3.9,-0.4,0
315,Serge Ibaka,C,29,74,2010,18.7,0.5820000000000001,0.193,0.20199999999999999,8.6,23.2,16.1,7.7,0.7,4.3,10.7,22.9,2.8,3.3,6.1,0.146,0.2,0.1,0.2,1.2,0
316,Andre Iguodala,SF,35,68,1578,13.1,0.5870000000000001,0.47700000000000004,0.222,3.4,13.2,8.5,16.8,1.8,2.7,13.6,10.4,2.4,1.8,4.2,0.129,0.1,1.7,1.8,1.5,0
317,Ersan İlyasova,PF,31,67,1231,11.6,0.5479999999999999,0.42,0.19399999999999998,8.2,16.2,12.5,5.5,1.2,1.4,10.4,15.7,1.2,1.9,3.0,0.11900000000000001,-2.4,0.1,-2.3,-0.1,0
318,Joe Ingles,PF,31,82,2568,13.4,0.581,0.602,0.153,1.5,12.2,7.0,26.1,1.8,0.6,18.4,17.5,2.5,3.6,6.0,0.113,0.3,1.1,1.4,2.2,0
319,Andre Ingram,SG,33,4,15,-11.9,0.0,0.5,0.0,7.0,6.7,6.9,0.0,3.1,0.0,14.3,19.3,-0.1,0.0,-0.1,-0.408,-14.8,-4.8,-19.6,-0.1,0
320,Brandon Ingram,SF,21,52,1760,13.4,0.555,0.129,0.396,2.5,13.0,7.8,12.9,0.7,1.4,13.1,23.2,0.6,1.4,2.0,0.055,-1.3,-0.7,-2.0,0.0,1
321,Kyrie Irving,PG,26,67,2214,24.3,0.5920000000000001,0.35,0.19699999999999998,3.4,12.7,8.1,35.0,2.2,1.4,11.3,29.6,6.2,2.9,9.1,0.19699999999999998,6.0,1.1,7.2,5.1,0
322,Jonathan Isaac,PF,21,75,1996,13.0,0.537,0.435,0.221,5.2,17.0,11.0,5.7,1.4,4.1,10.1,16.3,0.9,3.1,4.0,0.096,-1.4,1.0,-0.4,0.8,0
323,Wesley Iwundu,SF,24,68,1233,8.7,0.531,0.28800000000000003,0.376,3.2,13.0,8.0,7.9,1.1,1.5,12.1,12.8,0.5,1.4,1.9,0.073,-3.8,0.6,-3.2,-0.4,0
324,Demetrius Jackson,PG,24,6,39,21.0,0.6559999999999999,0.4,0.267,5.6,2.6,4.1,19.6,2.4,0.0,5.6,19.1,0.2,0.0,0.2,0.231,3.6,0.9,4.5,0.1,0
325,Frank Jackson,PG,20,61,1169,9.4,0.517,0.37799999999999995,0.163,2.2,9.5,5.9,8.0,1.0,0.1,9.1,18.5,0.1,0.4,0.4,0.018000000000000002,-2.9,-1.7,-4.6,-0.8,0
326,Jaren Jackson Jr.,PF,19,58,1515,16.4,0.591,0.24100000000000002,0.33399999999999996,5.3,15.0,10.1,7.2,1.7,5.1,12.7,22.8,1.2,2.2,3.3,0.105,-1.2,1.0,-0.3,0.7,0
327,Josh Jackson,SG,21,79,1988,10.6,0.48700000000000004,0.268,0.253,3.6,15.9,9.7,14.1,1.8,2.3,15.6,23.9,-2.8,1.1,-1.7,-0.04,-3.3,-1.2,-4.6,-1.3,0
328,Justin Jackson,SF,23,81,1614,11.3,0.561,0.505,0.163,2.8,11.0,6.9,8.1,0.9,0.7,5.3,14.3,2.0,0.9,2.9,0.086,-0.8,-0.8,-1.6,0.2,0
329,Justin Jackson,SF,23,52,1083,10.1,0.546,0.539,0.16899999999999998,2.3,11.8,6.9,8.0,1.0,1.0,6.5,12.9,1.0,0.6,1.6,0.07200000000000001,-1.3,-0.5,-1.9,0.0,0
330,Justin Jackson,SF,23,29,531,13.9,0.584,0.45299999999999996,0.153,3.9,9.4,6.7,8.4,0.8,0.2,3.3,17.0,1.0,0.3,1.3,0.114,0.4,-1.4,-1.0,0.1,0
331,Reggie Jackson,PG,28,82,2289,15.2,0.547,0.45,0.225,2.1,8.5,5.2,24.7,1.2,0.3,11.4,24.5,3.1,1.9,5.0,0.105,1.3,-0.9,0.4,1.4,0
332,LeBron James,SF,34,55,1937,25.6,0.588,0.299,0.382,3.1,21.3,12.4,39.4,1.7,1.4,13.3,31.6,4.7,2.6,7.2,0.179,6.4,1.7,8.0,4.9,1
333,Amile Jefferson,PF,25,12,68,21.1,0.6920000000000001,0.0,0.5,9.3,24.0,16.5,6.4,2.2,3.7,4.9,13.1,0.2,0.1,0.4,0.258,0.5,2.0,2.5,0.1,0
334,John Jenkins,SG,27,26,333,9.7,0.536,0.552,0.171,1.8,10.0,5.8,9.9,0.0,0.5,7.4,15.7,0.2,0.0,0.2,0.031,-1.0,-2.4,-3.4,-0.1,0
335,John Jenkins,SG,27,4,14,20.5,1.5,1.0,0.0,0.0,7.9,3.9,9.9,0.0,0.0,0.0,6.1,0.1,0.0,0.1,0.20199999999999999,7.6,-1.0,6.6,0.0,0
336,John Jenkins,SG,27,22,319,9.3,0.518,0.544,0.175,1.9,10.1,5.9,9.9,0.0,0.5,7.5,16.1,0.2,0.0,0.2,0.024,-1.4,-2.5,-3.9,-0.2,0
337,Jonas Jerebko,PF,31,73,1218,13.5,0.588,0.53,0.225,6.6,18.1,12.6,10.1,1.1,1.2,9.9,15.2,2.1,1.2,3.3,0.13,-0.3,-0.4,-0.7,0.4,0
338,Alize Johnson,PF,22,14,64,6.3,0.33299999999999996,0.125,0.5,7.1,25.5,16.5,2.0,0.8,4.2,0.0,13.3,-0.1,0.1,0.0,0.027000000000000003,-5.7,-2.0,-7.7,-0.1,0
339,Amir Johnson,C,31,51,529,13.1,0.574,0.255,0.261,9.7,19.5,14.7,16.0,1.4,1.9,20.5,17.4,0.4,0.7,1.1,0.098,-2.9,0.6,-2.3,0.0,0
340,B.J. Johnson,SF,23,7,49,12.8,0.609,0.389,0.111,4.2,13.2,8.6,0.0,1.9,0.0,9.6,17.4,0.0,0.0,0.1,0.066,-2.3,-2.0,-4.3,0.0,0
341,B.J. Johnson,SF,23,6,43,14.0,0.622,0.375,0.125,4.8,15.0,9.8,0.0,2.1,0.0,10.6,17.9,0.0,0.0,0.1,0.076,-1.5,-1.4,-2.9,0.0,0
342,B.J. Johnson,SF,23,1,6,3.7,0.5,0.5,0.0,0.0,0.0,0.0,0.0,0.0,0.0,0.0,13.8,0.0,0.0,0.0,-0.008,-8.4,-5.7,-14.1,0.0,0
343,James Johnson,PF,31,55,1164,10.9,0.522,0.39299999999999996,0.185,2.0,14.1,8.0,17.0,1.5,2.1,15.3,17.8,0.0,1.5,1.5,0.062,-2.4,1.1,-1.2,0.2,0
344,Stanley Johnson,SF,22,66,1208,9.6,0.485,0.489,0.145,3.0,16.9,9.7,10.6,2.4,1.0,14.7,19.4,-1.1,1.6,0.5,0.021,-3.1,0.9,-2.2,0.0,0
345,Stanley Johnson,SF,22,48,961,9.8,0.48200000000000004,0.519,0.146,2.7,17.7,9.9,9.4,2.5,1.1,12.9,19.1,-0.7,1.4,0.7,0.034,-2.9,1.3,-1.6,0.1,0
346,Stanley Johnson,SF,22,18,247,8.9,0.496,0.374,0.14300000000000002,3.8,13.7,8.8,15.1,2.3,0.3,21.2,20.4,-0.3,0.2,-0.1,-0.027999999999999997,-3.9,-0.5,-4.5,-0.2,0
347,Tyler Johnson,PG,26,57,1529,12.4,0.532,0.494,0.24100000000000002,2.4,9.8,6.1,15.9,1.7,1.6,11.7,18.5,0.9,1.4,2.3,0.071,-0.7,0.3,-0.4,0.6,0
348,Tyler Johnson,PG,26,44,1123,12.3,0.54,0.509,0.21899999999999997,1.8,9.7,5.7,14.9,1.7,1.7,12.5,19.2,0.5,1.3,1.8,0.075,-0.7,0.6,-0.1,0.5,0
349,Tyler Johnson,PG,26,13,406,12.8,0.506,0.44799999999999995,0.312,4.0,10.3,7.1,18.6,1.6,1.2,9.0,16.5,0.4,0.1,0.5,0.06,-0.5,-0.6,-1.0,0.1,0
350,Wesley Johnson,SF,31,38,534,5.5,0.469,0.594,0.14800000000000002,2.4,11.7,7.1,5.3,1.2,1.9,11.7,12.0,-0.3,0.3,0.0,0.001,-4.3,-0.5,-4.8,-0.4,0
351,Wesley Johnson,SF,31,26,377,6.9,0.517,0.568,0.102,2.8,11.9,7.4,5.2,1.5,1.5,11.5,11.3,0.0,0.2,0.3,0.032,-3.4,0.3,-3.1,-0.1,0
352,Wesley Johnson,SF,31,12,157,2.0,0.3720000000000001,0.65,0.25,1.4,11.2,6.2,5.6,0.6,2.7,11.9,13.6,-0.3,0.0,-0.2,-0.075,-6.5,-2.4,-8.9,-0.3,0
353,Nikola Jokić,C,23,80,2504,26.3,0.589,0.22399999999999998,0.292,9.8,27.6,18.7,37.0,2.1,1.9,15.4,27.4,7.5,4.3,11.8,0.226,6.2,2.9,9.1,7.0,1
354,Damian Jones,C,23,24,410,15.3,0.72,0.0,0.5,8.4,11.0,9.8,8.7,1.4,5.1,15.1,11.1,1.0,0.5,1.5,0.17300000000000001,-0.6,1.7,1.1,0.3,0
355,Derrick Jones Jr.,SF,21,60,1153,14.0,0.5589999999999999,0.281,0.377,8.8,13.3,11.1,4.7,1.9,3.3,10.2,15.6,1.2,1.7,2.9,0.121,-1.5,1.0,-0.5,0.4,0
356,Jalen Jones,SF,25,16,214,11.7,0.5479999999999999,0.452,0.435,5.5,12.5,8.8,4.8,2.1,0.8,9.8,16.7,0.2,0.1,0.3,0.055999999999999994,-2.3,-1.9,-4.3,-0.1,0
357,Jemerrio Jones,SF,23,6,143,12.1,0.39799999999999996,0.303,0.061,11.8,23.4,17.7,11.4,2.3,2.9,12.9,11.3,0.0,0.2,0.2,0.084,-2.2,2.4,0.2,0.1,0
358,Terrence Jones,PF,27,2,5,-15.8,0.225,0.5,0.25,0.0,90.3,44.2,0.0,0.0,0.0,18.4,47.2,-0.1,0.0,-0.1,-0.6609999999999999,-24.7,-6.4,-31.1,0.0,0
359,Tyus Jones,PG,22,68,1560,13.7,0.491,0.28300000000000003,0.155,1.6,7.7,4.6,28.3,2.5,0.3,9.0,14.1,2.1,0.9,3.0,0.091,-0.9,0.3,-0.6,0.6,0
360,DeAndre Jordan,C,30,69,2047,19.0,0.674,0.0,0.5920000000000001,11.7,35.2,23.5,11.6,1.0,3.0,21.4,15.0,4.0,3.1,7.1,0.16699999999999998,0.8,1.3,2.1,2.1,0
361,DeAndre Jordan,C,30,50,1554,18.0,0.672,0.0,0.613,11.2,35.9,23.6,9.5,1.0,2.9,21.3,14.4,2.7,2.5,5.3,0.162,0.4,1.3,1.7,1.4,0
362,DeAndre Jordan,C,30,19,493,22.1,0.6809999999999999,0.0,0.537,13.3,33.0,22.9,18.2,0.9,3.4,21.6,16.8,1.3,0.6,1.9,0.18100000000000002,2.2,1.3,3.4,0.7,0
363,Cory Joseph,PG,27,82,2063,11.0,0.474,0.312,0.078,2.1,12.6,7.5,20.7,2.2,0.9,12.4,13.7,0.5,2.9,3.5,0.081,-2.1,1.7,-0.4,0.9,0
364,Frank Kaminsky,C,25,47,755,16.8,0.5870000000000001,0.466,0.359,5.5,18.1,11.7,12.9,0.8,1.4,10.6,22.1,1.3,0.5,1.8,0.114,1.4,-1.1,0.3,0.4,0
365,Enes Kanter,C,26,67,1640,22.3,0.594,0.05,0.28800000000000003,16.4,26.1,21.1,12.1,0.9,1.3,13.3,23.1,3.9,1.6,5.4,0.159,2.5,-1.5,1.0,1.2,0
366,Enes Kanter,C,26,44,1128,21.8,0.585,0.047,0.276,15.5,27.5,21.4,13.1,0.8,1.3,13.1,22.9,2.4,0.9,3.4,0.14300000000000002,2.5,-1.6,0.8,0.8,0
367,Enes Kanter,C,26,23,512,23.5,0.614,0.055999999999999994,0.316,18.3,22.8,20.6,9.9,1.3,1.4,13.7,23.4,1.5,0.6,2.1,0.196,2.6,-1.3,1.3,0.4,0
368,Luke Kennard,SG,22,63,1437,11.9,0.56,0.517,0.11699999999999999,0.9,13.5,7.0,12.3,0.9,0.6,9.4,18.1,1.3,1.3,2.5,0.085,-0.4,-0.6,-1.1,0.3,0
369,Michael Kidd-Gilchrist,PF,25,64,1179,13.3,0.5529999999999999,0.142,0.37,7.9,14.8,11.3,7.4,1.3,2.9,10.0,15.7,1.5,1.0,2.5,0.1,-2.3,-0.1,-2.4,-0.1,0
370,George King,SF,25,1,6,1.9,,,,0.0,18.8,9.2,0.0,0.0,0.0,,0.0,0.0,0.0,0.0,-0.001,-5.8,-2.1,-7.9,0.0,0
371,Maxi Kleber,PF,27,71,1502,13.1,0.579,0.565,0.192,6.5,16.9,11.7,6.8,1.2,4.4,11.4,13.5,1.6,1.8,3.5,0.111,-0.8,1.2,0.4,0.9,0
372,Brandon Knight,PG,27,39,736,8.9,0.484,0.496,0.131,1.4,7.7,4.4,14.4,1.4,0.2,9.8,18.1,-0.1,0.0,0.0,-0.002,-3.5,-2.0,-5.4,-0.6,0
373,Brandon Knight,PG,27,12,118,0.8,0.34700000000000003,0.6809999999999999,0.23399999999999999,0.9,7.7,4.2,10.6,0.8,0.0,8.8,20.9,-0.3,0.0,-0.3,-0.113,-9.5,-2.9,-12.4,-0.3,0
374,Brandon Knight,PG,27,27,618,10.5,0.515,0.455,0.10800000000000001,1.5,7.7,4.5,15.1,1.5,0.3,10.1,17.6,0.3,0.0,0.2,0.019,-2.3,-1.8,-4.1,-0.3,0
375,Kevin Knox,PF,19,75,2158,8.7,0.475,0.39799999999999996,0.247,2.9,13.6,8.1,6.0,1.0,0.9,10.1,22.3,-2.2,0.9,-1.3,-0.03,-3.4,-2.3,-5.7,-2.0,0
376,Furkan Korkmaz,SG,21,48,679,11.5,0.528,0.588,0.18,2.6,13.8,8.3,10.7,2.0,0.2,8.6,17.9,0.4,0.7,1.1,0.079,-1.6,-0.2,-1.8,0.0,0
377,Luke Kornet,PF,23,46,784,14.8,0.531,0.682,0.163,3.6,14.6,9.0,10.5,1.7,4.5,7.6,17.9,0.6,0.7,1.4,0.083,1.4,0.7,2.1,0.8,0
378,Kyle Korver,SG-PF,37,70,1334,11.2,0.5820000000000001,0.72,0.151,0.7,12.4,6.6,8.9,0.9,0.7,10.3,18.5,1.0,1.3,2.3,0.08199999999999999,-0.2,-0.3,-0.5,0.5,0
379,Kyle Korver,PF,37,16,251,11.3,0.65,0.711,0.21100000000000002,0.0,13.4,6.4,10.1,0.6,0.7,17.0,17.4,0.2,0.0,0.2,0.043,0.6,-1.3,-0.7,0.1,0
380,Kyle Korver,SG,37,54,1083,11.2,0.569,0.722,0.14,0.9,12.2,6.7,8.6,1.0,0.7,8.9,18.7,0.8,1.3,2.0,0.091,-0.4,0.0,-0.4,0.4,0
381,Kosta Koufos,C,29,42,502,12.3,0.47700000000000004,0.0,0.157,10.4,26.3,18.2,9.5,1.4,3.1,14.2,15.7,0.0,0.7,0.7,0.063,-3.6,0.2,-3.4,-0.2,0
382,Rodions Kurucs,SF,20,63,1294,11.0,0.545,0.41,0.205,4.6,15.4,10.0,6.0,1.5,1.5,13.6,18.4,0.1,1.5,1.6,0.059000000000000004,-2.9,0.3,-2.6,-0.2,0
383,Kyle Kuzma,PF,23,70,2314,14.0,0.546,0.38799999999999996,0.23,2.7,14.1,8.5,11.5,0.8,0.9,10.0,23.8,1.2,1.9,3.1,0.065,-0.2,-1.2,-1.4,0.4,0
384,Skal Labissière,PF,22,22,176,12.6,0.593,0.265,0.34700000000000003,5.4,20.3,12.8,8.6,1.4,2.8,16.3,16.0,0.1,0.2,0.3,0.08900000000000001,-2.9,-0.1,-3.0,0.0,0
385,Skal Labissière,PF,22,13,113,7.0,0.517,0.3670000000000001,0.3670000000000001,3.6,18.7,10.9,6.8,0.8,2.3,16.7,15.3,-0.1,0.1,0.0,0.018000000000000002,-5.6,-0.8,-6.4,-0.1,0
386,Skal Labissière,PF,22,9,63,22.6,0.716,0.105,0.316,8.7,23.2,16.1,11.9,2.3,3.8,15.6,17.2,0.2,0.1,0.3,0.21600000000000005,1.7,1.2,3.0,0.1,0
387,Jeremy Lamb,SG,26,79,2250,17.3,0.552,0.337,0.266,3.1,18.1,10.4,11.9,1.9,1.2,6.8,22.5,3.3,2.0,5.3,0.113,1.2,0.0,1.2,1.8,0
388,Zach LaVine,SG,23,63,2171,18.7,0.574,0.28300000000000003,0.33,2.0,12.9,7.4,22.6,1.3,1.0,14.2,30.5,1.7,1.1,2.8,0.062,2.4,-1.6,0.8,1.5,0
389,Jake Layman,SF,24,71,1327,13.5,0.594,0.4270000000000001,0.16699999999999998,4.6,12.6,8.7,5.6,1.1,1.8,9.2,15.9,1.9,1.2,3.1,0.111,-0.1,-0.3,-0.5,0.5,0
390,T.J. Leaf,PF,21,58,522,16.9,0.5720000000000001,0.16899999999999998,0.16899999999999998,9.3,17.1,13.3,6.9,0.8,3.2,5.8,17.5,0.9,0.7,1.6,0.14800000000000002,0.3,-0.6,-0.3,0.2,0
391,Courtney Lee,SG,33,34,428,10.3,0.4920000000000001,0.426,0.163,2.2,11.2,6.7,12.8,2.4,0.6,9.2,15.3,0.1,0.4,0.4,0.05,-3.4,0.8,-2.5,-0.1,0
392,Courtney Lee,SG,33,12,160,13.7,0.527,0.34,0.298,3.8,14.1,8.8,15.1,2.4,1.1,8.6,15.5,0.2,0.1,0.3,0.087,-1.8,1.1,-0.8,0.0,0
393,Courtney Lee,SG,33,22,268,8.3,0.47,0.47600000000000003,0.085,1.2,9.5,5.4,11.4,2.4,0.3,9.6,15.1,-0.1,0.3,0.2,0.027999999999999997,-4.3,0.7,-3.6,-0.1,0
394,Damion Lee,SG,26,32,375,11.9,0.578,0.535,0.17300000000000001,2.4,15.3,9.1,4.5,1.6,0.0,7.4,16.8,0.3,0.4,0.7,0.09,-1.2,-1.1,-2.2,0.0,0
395,Walt Lemon Jr.,PG,26,6,167,16.3,0.46799999999999997,0.057,0.126,2.6,15.1,8.8,30.3,3.2,0.5,9.8,26.6,-0.1,0.2,0.1,0.026000000000000002,-2.4,0.2,-2.2,0.0,0
396,Alex Len,C,25,77,1544,17.2,0.575,0.315,0.33299999999999996,10.5,18.5,14.4,8.6,0.8,3.9,11.5,22.1,2.2,1.0,3.2,0.1,0.0,-1.3,-1.2,0.3,0
397,Kawhi Leonard,SF,27,60,2040,25.8,0.606,0.267,0.377,4.2,18.6,11.6,16.4,2.5,1.0,8.4,30.3,6.1,3.4,9.5,0.22399999999999998,6.1,1.1,7.2,4.7,1
398,Meyers Leonard,C,26,61,878,15.8,0.675,0.45899999999999996,0.21100000000000002,6.1,21.8,14.2,11.8,0.7,0.8,14.0,14.8,2.1,0.9,3.0,0.16399999999999998,1.5,0.3,1.8,0.8,0
399,Jon Leuer,PF,29,41,402,13.2,0.616,0.09699999999999999,0.27399999999999997,7.1,19.8,13.2,5.5,1.5,0.8,15.4,16.1,0.4,0.5,0.9,0.11,-2.8,0.4,-2.5,0.0,0
400,Caris LeVert,SF,24,40,1063,14.9,0.509,0.319,0.255,3.5,11.4,7.5,23.2,1.9,1.0,11.4,24.0,0.5,1.2,1.7,0.077,-0.3,0.5,0.2,0.6,0
401,Damian Lillard,PG,28,80,2838,23.7,0.588,0.419,0.335,2.6,11.1,7.0,30.6,1.5,1.0,10.8,29.3,9.7,2.4,12.1,0.205,6.6,-0.3,6.4,6.0,0
402,Jeremy Lin,PG,30,74,1436,13.5,0.5579999999999999,0.34600000000000003,0.38799999999999996,1.6,11.7,6.6,23.4,1.5,0.8,16.4,21.8,1.2,0.9,2.1,0.07,-1.4,-0.9,-2.2,-0.1,0
403,Jeremy Lin,PG,30,51,1003,15.9,0.594,0.342,0.435,1.6,11.0,6.2,26.7,1.8,0.6,17.6,22.6,1.5,0.4,1.9,0.092,0.3,-1.0,-0.6,0.3,0
404,Jeremy Lin,PG,30,23,433,8.2,0.46399999999999997,0.355,0.271,1.5,13.1,7.5,15.7,1.0,1.1,13.0,19.8,-0.3,0.5,0.2,0.02,-5.4,-0.6,-6.0,-0.4,0
405,Shaun Livingston,PG,33,64,967,11.7,0.555,0.01,0.243,4.9,7.9,6.5,14.8,1.5,2.3,14.1,12.0,1.2,0.9,2.0,0.10099999999999999,-1.7,0.7,-1.0,0.2,0
406,Zach Lofton,SG,26,1,4,-10.0,0.0,1.0,0.0,0.0,0.0,0.0,0.0,12.3,0.0,50.0,21.6,-0.1,0.0,0.0,-0.447,-17.4,6.0,-11.5,0.0,0
407,Kevon Looney,C,22,80,1481,17.3,0.636,0.028999999999999998,0.303,14.6,15.4,15.0,10.9,1.5,3.0,11.5,12.8,4.2,1.8,6.0,0.19399999999999998,0.1,0.4,0.5,0.9,0
408,Brook Lopez,C,30,81,2322,14.6,0.597,0.6509999999999999,0.16899999999999998,1.5,15.0,8.7,5.7,1.0,6.5,8.9,16.7,2.3,4.3,6.7,0.138,0.4,1.8,2.2,2.4,0
409,Robin Lopez,C,30,74,1606,15.9,0.598,0.057999999999999996,0.23,9.4,10.0,9.7,8.8,0.3,4.2,14.0,18.6,2.0,0.7,2.7,0.081,-0.6,-1.4,-1.9,0.0,0
410,Kevin Love,PF,30,22,598,19.5,0.561,0.519,0.40299999999999997,5.9,40.0,22.2,12.8,0.5,0.7,11.2,27.4,1.0,0.4,1.3,0.106,3.3,-1.6,1.6,0.6,0
411,Kyle Lowry,PG,32,65,2213,16.5,0.562,0.613,0.263,2.1,12.9,7.6,34.8,2.0,1.2,18.1,19.6,3.6,3.0,6.6,0.14400000000000002,1.7,0.6,2.3,2.4,1
412,Jordan Loyd,PG,25,12,55,16.3,0.635,0.444,0.611,2.0,15.3,8.8,15.1,0.0,0.0,8.1,19.4,0.2,0.0,0.2,0.19,0.0,-0.9,-1.0,0.0,0
413,Kalin Lucas,PG,29,1,6,16.6,0.532,1.0,2.0,0.0,56.7,27.3,20.8,0.0,0.0,0.0,13.5,0.0,0.0,0.0,0.23800000000000002,-5.6,6.4,0.8,0.0,0
414,Timothé Luwawu-Cabarrot,SF,23,50,669,8.0,0.489,0.532,0.188,1.7,14.1,7.8,5.5,1.4,1.0,8.2,16.6,-0.3,0.5,0.2,0.015,-4.1,-1.1,-5.2,-0.5,0
415,Timothé Luwawu-Cabarrot,SF,23,21,123,3.4,0.38299999999999995,0.512,0.14,3.3,12.1,7.6,4.2,1.5,0.7,9.9,16.8,-0.2,0.1,-0.1,-0.033,-7.0,-0.1,-7.1,-0.2,0
416,Timothé Luwawu-Cabarrot,SF,23,29,546,9.0,0.515,0.537,0.2,1.4,14.5,7.9,5.8,1.3,1.1,7.8,16.5,0.0,0.3,0.3,0.026000000000000002,-3.4,-1.3,-4.7,-0.4,0
417,Tyler Lydon,PF,22,25,94,9.3,0.595,0.556,0.16699999999999998,8.0,12.7,10.4,8.2,1.0,0.0,17.2,10.6,0.1,0.1,0.2,0.086,-2.8,-1.4,-4.2,-0.1,0
418,Trey Lyles,PF,23,64,1120,12.7,0.5,0.40399999999999997,0.23399999999999999,4.2,19.6,11.9,11.3,1.3,1.8,11.1,23.4,-0.2,1.4,1.2,0.05,-1.8,-0.7,-2.4,-0.1,0
419,Scott Machado,PG,28,4,19,22.2,0.7759999999999999,0.16699999999999998,0.16699999999999998,0.0,0.0,0.0,23.5,2.4,0.0,0.0,14.0,0.1,0.0,0.1,0.281,2.9,2.7,5.5,0.0,0
420,Shelvin Mack,PG,28,57,1246,10.4,0.489,0.32299999999999995,0.20800000000000002,1.6,7.9,4.7,22.6,1.9,0.3,13.0,18.1,-0.2,1.1,0.9,0.034,-2.7,-0.4,-3.0,-0.3,0
421,Shelvin Mack,PG,28,53,1204,11.0,0.499,0.32899999999999996,0.193,1.6,8.0,4.8,23.3,1.9,0.3,12.8,18.0,0.1,1.0,1.1,0.045,-2.3,-0.3,-2.5,-0.1,0
422,Shelvin Mack,PG,28,4,42,-6.6,0.251,0.14300000000000002,0.643,0.0,5.2,2.6,3.0,2.3,0.0,18.2,22.5,-0.3,0.0,-0.3,-0.304,-14.0,-3.9,-17.9,-0.2,0
423,Daryl Macon,SG,23,8,90,5.5,0.48200000000000004,0.40700000000000003,0.259,2.4,11.8,7.1,11.2,0.5,0.0,16.6,17.2,-0.1,0.0,0.0,-0.022000000000000002,-5.3,-2.6,-7.9,-0.1,0
424,J.P. Macura,SG,23,2,17,5.7,0.33299999999999996,0.444,0.0,0.0,19.4,9.5,18.0,0.0,0.0,0.0,22.8,0.0,0.0,0.0,-0.11,-4.7,-2.9,-7.7,0.0,0
425,Ian Mahinmi,C,32,34,498,12.0,0.531,0.154,0.5870000000000001,10.3,17.7,13.9,6.5,2.4,2.7,13.8,12.9,0.5,0.5,1.0,0.092,-3.5,0.6,-3.0,-0.1,0
426,Thon Maker,C-PF,21,64,972,11.3,0.53,0.5710000000000001,0.313,4.5,17.4,11.0,6.3,1.0,4.4,9.8,14.8,0.5,1.5,2.0,0.099,-2.2,1.0,-1.2,0.2,0
427,Thon Maker,C,21,35,409,12.9,0.546,0.5820000000000001,0.276,4.5,18.5,11.9,5.8,1.1,3.7,5.7,16.3,0.4,0.7,1.1,0.132,-1.3,1.3,0.0,0.2,0
428,Thon Maker,PF,21,29,563,10.2,0.514,0.56,0.35100000000000003,4.5,16.5,10.3,6.7,1.0,5.0,13.4,13.7,0.1,0.8,0.9,0.075,-2.9,0.8,-2.1,0.0,0
429,Boban Marjanović,C,30,58,681,24.2,0.664,0.038,0.504,14.0,26.9,20.6,12.8,1.1,3.1,15.7,23.3,2.1,0.9,3.0,0.212,2.8,0.3,3.2,0.9,0
430,Boban Marjanović,C,30,36,376,24.9,0.6659999999999999,0.013999999999999999,0.679,16.0,26.5,21.4,9.3,1.4,3.6,16.9,24.6,1.2,0.5,1.7,0.217,2.6,0.4,3.1,0.5,0
431,Boban Marjanović,C,30,22,305,23.3,0.6629999999999999,0.067,0.3,11.4,27.3,19.6,17.1,0.8,2.6,13.9,21.7,0.9,0.4,1.3,0.204,3.0,0.3,3.3,0.4,0
432,Lauri Markkanen,PF,21,52,1682,17.1,0.5529999999999999,0.418,0.245,4.7,25.9,15.2,7.2,1.1,1.7,8.8,25.1,1.3,1.5,2.7,0.078,1.4,-1.5,-0.2,0.7,0
433,Jarell Martin,PF,24,42,328,9.4,0.528,0.5479999999999999,0.106,3.5,20.5,11.9,7.8,0.4,2.0,9.2,15.9,0.1,0.4,0.5,0.073,-3.7,-0.2,-3.9,-0.2,0
434,Frank Mason III,PG,24,38,435,12.4,0.502,0.379,0.337,1.4,9.0,5.1,26.3,1.7,0.8,15.6,21.8,0.0,0.3,0.3,0.033,-1.9,-1.3,-3.1,-0.1,0
435,Yante Maten,PF,22,2,13,5.7,0.25,0.25,0.0,8.2,16.4,12.3,0.0,3.8,0.0,0.0,13.2,0.0,0.0,0.0,-0.026000000000000002,-7.5,-1.6,-9.2,0.0,0
436,Wesley Matthews,SF-SG,32,69,2091,10.3,0.546,0.5770000000000001,0.23399999999999999,1.7,7.1,4.4,11.1,1.3,0.7,10.6,17.8,1.1,1.5,2.7,0.062,-1.4,-0.5,-1.8,0.1,0
437,Wesley Matthews,SF,32,44,1312,11.3,0.556,0.561,0.235,1.6,6.6,4.2,11.6,1.2,0.8,10.1,18.9,1.0,0.8,1.8,0.066,-0.8,-0.5,-1.3,0.2,0
438,Wesley Matthews,SG,32,2,54,2.9,0.33,0.526,0.263,1.9,4.0,2.9,12.9,0.9,1.6,8.6,18.4,-0.1,0.0,-0.1,-0.115,-5.3,-1.3,-6.6,-0.1,0
439,Wesley Matthews,SG,32,23,725,9.2,0.5429999999999999,0.619,0.22899999999999998,1.7,8.1,5.0,10.1,1.3,0.5,11.8,15.8,0.3,0.7,1.0,0.067,-2.0,-0.4,-2.4,-0.1,0
440,Luc Mbah a Moute,PF,32,4,61,6.7,0.495,0.33299999999999996,0.278,3.6,8.4,6.1,4.5,0.8,1.3,9.0,15.4,0.0,0.0,0.0,0.009000000000000001,-2.9,0.0,-3.0,0.0,0
441,Tahjere McCall,SG,24,1,8,9.6,0.581,0.33299999999999996,0.33299999999999996,0.0,13.1,6.6,0.0,0.0,0.0,0.0,18.1,0.0,0.0,0.0,0.055,-6.0,-0.6,-6.6,0.0,0
442,Patrick McCaw,SG,23,29,397,7.5,0.532,0.444,0.23800000000000002,2.0,10.9,6.5,9.2,2.8,0.4,19.6,9.4,0.0,0.5,0.5,0.065,-4.8,1.9,-3.0,-0.1,0
443,Patrick McCaw,SG,23,3,53,-0.7,0.278,0.444,0.0,0.0,6.6,3.1,4.9,1.9,0.0,25.0,9.9,-0.2,0.0,-0.2,-0.13699999999999998,-7.8,-3.2,-11.0,-0.1,0
444,Patrick McCaw,SG,23,26,344,8.7,0.569,0.444,0.278,2.3,11.6,7.1,9.8,2.9,0.5,18.8,9.3,0.2,0.5,0.7,0.096,-4.4,2.7,-1.7,0.0,0
445,CJ McCollum,SG,27,70,2375,17.0,0.5529999999999999,0.358,0.154,2.9,9.7,6.3,13.8,1.1,0.9,7.4,25.5,4.0,1.7,5.6,0.114,2.1,-1.0,1.0,1.8,0
446,T.J. McConnell,PG,26,76,1470,13.4,0.555,0.1,0.08800000000000001,2.1,10.2,6.3,24.7,2.5,0.9,17.3,15.0,1.2,1.7,2.9,0.094,-1.8,0.9,-0.9,0.4,0
447,Doug McDermott,SF,27,77,1340,11.6,0.617,0.488,0.187,1.4,7.5,4.5,7.1,0.7,0.5,8.4,16.3,1.8,1.1,2.9,0.10300000000000001,-0.5,-0.9,-1.4,0.2,0
448,JaVale McGee,C,31,75,1671,21.8,0.634,0.019,0.237,12.3,22.5,17.5,4.8,1.3,7.3,13.2,20.2,3.0,2.9,5.9,0.171,0.3,1.2,1.4,1.4,0
449,Rodney McGruder,SG,27,66,1550,9.4,0.51,0.488,0.156,4.1,12.2,8.2,10.3,1.1,0.7,11.5,15.4,0.4,1.6,1.9,0.059000000000000004,-2.2,-0.1,-2.3,-0.1,0
450,Alfonzo McKinnie,SF,26,72,1003,11.2,0.569,0.429,0.175,9.0,16.9,13.1,4.0,0.9,1.3,9.2,13.9,1.2,0.9,2.1,0.1,-2.2,-1.3,-3.5,-0.4,0
451,Ben McLemore,SG,25,19,158,10.5,0.541,0.6409999999999999,0.188,1.9,9.4,5.5,3.4,1.8,1.6,6.7,19.4,0.1,0.1,0.2,0.055,-2.1,-1.4,-3.5,-0.1,0
452,Jordan McRae,SG,27,27,333,14.3,0.55,0.26899999999999996,0.26899999999999996,1.9,11.3,6.5,13.2,1.8,1.8,9.4,20.4,0.3,0.2,0.5,0.066,-0.9,-0.8,-1.7,0.0,0
453,Jodie Meeks,SG,31,8,104,16.0,0.647,0.462,0.026000000000000002,1.1,11.1,6.2,11.5,0.5,0.8,4.8,17.1,0.2,0.1,0.3,0.153,1.4,-0.8,0.5,0.1,0
454,Salah Mejri,C,32,36,399,16.1,0.5589999999999999,0.304,0.28600000000000003,9.7,25.3,17.6,13.2,1.2,5.5,14.3,15.8,0.5,0.6,1.1,0.136,-1.1,1.9,0.8,0.3,0
455,De'Anthony Melton,PG,20,50,984,9.9,0.466,0.371,0.109,2.8,12.5,7.5,22.3,3.3,1.9,21.8,15.0,-0.8,0.8,0.0,0.002,-3.8,1.1,-2.7,-0.2,0
456,Chimezie Metu,PF,21,29,145,6.4,0.389,0.034,0.293,6.8,20.1,13.5,12.0,2.0,1.2,18.6,24.4,-0.5,0.2,-0.3,-0.099,-7.3,-1.4,-8.7,-0.2,0
457,Khris Middleton,SF,27,77,2393,16.5,0.5579999999999999,0.413,0.225,2.3,16.5,9.8,20.1,1.6,0.2,12.1,25.1,2.5,3.6,6.1,0.12300000000000001,0.7,0.1,0.8,1.7,1
458,C.J. Miles,SF,31,53,856,9.0,0.504,0.653,0.18600000000000005,1.7,10.3,6.1,6.0,1.5,1.5,8.2,18.6,-0.2,0.9,0.7,0.040999999999999995,-2.4,-0.5,-2.9,-0.2,0
459,C.J. Miles,SF,31,40,562,8.0,0.484,0.665,0.214,2.4,10.5,6.5,5.2,1.5,1.5,8.5,18.8,-0.3,0.7,0.4,0.035,-3.2,-0.4,-3.6,-0.2,0
460,C.J. Miles,SF,31,13,294,10.8,0.544,0.629,0.133,0.4,10.1,5.2,7.4,1.4,1.6,7.5,18.3,0.1,0.3,0.3,0.054000000000000006,-0.8,-0.8,-1.5,0.0,0
461,Darius Miller,SF,28,69,1757,8.4,0.55,0.752,0.147,0.8,6.6,3.8,10.4,1.1,1.1,10.3,13.4,1.1,0.6,1.6,0.045,-2.1,-0.8,-2.9,-0.4,0
462,Malcolm Miller,SF,25,10,67,13.7,0.63,0.8079999999999999,0.154,1.7,6.3,4.0,2.1,0.7,1.2,3.5,18.5,0.1,0.1,0.2,0.13,1.2,-1.6,-0.5,0.0,0
463,Patty Mills,PG,30,82,1908,13.2,0.5720000000000001,0.609,0.155,1.4,8.9,5.2,17.6,1.3,0.4,11.6,18.5,2.2,1.2,3.5,0.087,0.4,-0.8,-0.3,0.8,0
464,Paul Millsap,PF,33,70,1895,17.9,0.57,0.239,0.374,8.7,20.2,14.4,10.6,2.2,2.5,10.9,19.6,3.2,2.9,6.1,0.155,0.7,1.0,1.7,1.8,0
465,Shake Milton,SG,22,20,268,9.3,0.483,0.506,0.08,3.7,10.0,6.9,9.2,1.4,2.3,6.2,15.0,0.1,0.3,0.3,0.059000000000000004,-2.6,-0.6,-3.2,-0.1,0
466,Nikola Mirotić,PF,27,46,1245,17.2,0.584,0.5870000000000001,0.22899999999999998,5.1,22.6,14.0,6.2,1.2,2.2,7.4,21.4,2.0,1.4,3.5,0.133,2.1,-0.6,1.5,1.1,0
467,Nikola Mirotić,PF,27,32,925,17.5,0.591,0.568,0.248,5.2,24.1,14.8,5.3,1.1,2.2,7.6,21.7,1.6,0.9,2.5,0.129,2.3,-0.9,1.4,0.8,0
468,Nikola Mirotić,PF,27,14,320,16.2,0.562,0.644,0.17,4.7,18.3,11.9,8.6,1.5,2.4,7.0,20.4,0.4,0.6,1.0,0.147,1.6,0.4,2.0,0.3,0
469,Donovan Mitchell,SG,22,77,2598,17.2,0.537,0.33899999999999997,0.259,2.5,10.5,6.6,21.2,2.0,0.9,11.3,31.6,1.3,3.7,5.0,0.092,1.2,0.1,1.3,2.2,1
470,Naz Mitrou-Long,SG,25,14,84,2.2,0.38299999999999995,0.55,0.1,1.3,6.3,3.9,23.3,0.6,0.9,27.7,14.7,-0.2,0.1,-0.1,-0.046,-7.1,-1.6,-8.7,-0.1,0
471,Malik Monk,SG,20,73,1258,11.8,0.518,0.563,0.174,1.3,10.6,5.9,14.3,1.4,1.3,12.0,24.6,-0.4,0.7,0.3,0.012,-1.3,-1.7,-3.0,-0.3,0
472,Greg Monroe,C,28,43,480,16.0,0.521,0.026000000000000002,0.381,15.4,22.9,19.3,8.1,1.4,1.4,12.7,22.6,0.4,0.7,1.1,0.10800000000000001,-2.0,-1.3,-3.2,-0.1,0
473,Greg Monroe,C,28,38,423,13.5,0.48700000000000004,0.025,0.379,15.7,23.8,19.9,5.4,1.5,1.6,14.2,22.2,-0.1,0.7,0.6,0.071,-3.5,-1.4,-5.0,-0.3,0
474,Greg Monroe,C,28,2,5,60.2,0.6,0.0,0.0,63.9,0.0,32.0,73.4,0.0,0.0,0.0,43.1,0.1,0.0,0.1,0.534,28.0,-2.8,25.2,0.0,0
475,Greg Monroe,C,28,3,52,31.7,0.736,0.043,0.478,8.4,17.8,13.2,23.5,0.9,0.0,3.5,23.2,0.4,0.0,0.4,0.37,7.8,0.4,8.2,0.1,0
476,E'Twaun Moore,SG,29,53,1463,11.5,0.5670000000000001,0.331,0.111,2.5,6.4,4.5,9.5,1.3,0.4,9.6,17.3,1.2,0.5,1.7,0.055,-1.2,-1.1,-2.3,-0.1,0
477,Eric Moreland,PF,27,5,43,6.7,0.5,0.14300000000000002,0.0,10.3,39.6,25.2,11.8,1.1,1.9,41.7,12.0,-0.1,0.1,0.0,0.032,-6.7,2.0,-4.7,0.0,0
478,Eric Moreland,PF,27,1,5,3.9,,,,0.0,67.5,33.2,0.0,0.0,0.0,,0.0,0.0,0.0,0.0,0.077,-6.3,0.2,-6.1,0.0,0
479,Eric Moreland,PF,27,4,38,7.1,0.5,0.14300000000000002,0.0,11.7,35.9,24.1,13.3,1.3,2.2,41.7,13.6,-0.1,0.1,0.0,0.026000000000000002,-6.7,2.3,-4.5,0.0,0
480,Jaylen Morris,SG,23,4,29,12.2,0.46,0.3,0.2,0.0,16.5,8.8,18.1,3.2,0.0,8.4,17.2,0.0,0.1,0.1,0.084,-3.7,3.3,-0.4,0.0,0
481,Marcus Morris,PF,29,75,2091,14.2,0.568,0.461,0.205,3.9,19.5,11.7,7.5,1.0,1.1,9.1,20.9,2.1,2.5,4.5,0.10400000000000001,-0.2,-0.7,-0.9,0.6,0
482,Markieff Morris,PF,29,58,1270,11.7,0.521,0.419,0.19,5.0,17.5,11.1,8.8,1.3,1.5,9.3,19.1,0.6,1.1,1.6,0.061,-2.1,-0.6,-2.7,-0.2,0
483,Markieff Morris,PF,29,34,883,12.3,0.5429999999999999,0.439,0.223,5.0,16.6,10.7,9.6,1.3,1.9,11.5,19.5,0.4,0.5,0.9,0.051,-1.8,-0.9,-2.7,-0.2,0
484,Markieff Morris,PF,29,24,387,10.4,0.475,0.37799999999999995,0.122,5.2,19.6,12.1,6.8,1.3,0.4,4.1,18.0,0.2,0.5,0.7,0.083,-2.8,0.1,-2.8,-0.1,0
485,Monte Morris,PG,23,82,1970,16.2,0.5770000000000001,0.32299999999999995,0.115,1.9,8.8,5.3,21.7,1.8,0.2,6.6,17.1,4.4,1.8,6.2,0.151,1.1,0.3,1.5,1.7,0
486,Donatas Motiejūnas,PF,28,3,13,-0.5,0.436,0.0,0.33299999999999996,16.9,8.3,12.6,11.9,0.0,6.5,30.4,33.5,-0.1,0.0,-0.1,-0.24600000000000002,-19.4,-2.3,-21.7,-0.1,0
487,Johnathan Motley,PF,23,22,156,18.9,0.563,0.040999999999999995,0.5479999999999999,12.6,21.7,17.3,11.7,1.5,1.5,15.0,28.8,0.1,0.2,0.3,0.092,-1.2,-0.7,-1.9,0.0,0
488,Emmanuel Mudiay,PG,22,59,1607,14.6,0.531,0.284,0.251,2.1,10.9,6.4,24.2,1.3,1.0,14.6,25.6,0.1,0.7,0.8,0.023,-0.2,-1.8,-2.0,0.0,0
489,Jamal Murray,PG,21,75,2447,16.0,0.5379999999999999,0.353,0.19,2.9,11.2,7.0,22.4,1.3,1.0,11.1,24.9,2.8,2.3,5.1,0.1,1.4,-0.8,0.6,1.6,0
490,Džanan Musa,SG,19,9,39,5.8,0.415,0.455,0.091,2.7,10.7,6.7,8.6,2.4,0.0,14.9,29.0,-0.2,0.0,-0.1,-0.152,-6.3,-0.9,-7.2,-0.1,0
491,Mike Muscala,PF,27,64,1306,10.8,0.564,0.7090000000000001,0.235,4.7,14.7,9.8,7.7,0.8,2.3,10.8,14.3,1.2,1.2,2.5,0.091,-0.8,-0.3,-1.1,0.3,0
492,Mike Muscala,PF,27,47,1041,10.4,0.56,0.716,0.27699999999999997,5.3,14.7,10.2,7.9,0.8,2.0,12.1,14.3,0.9,1.0,1.9,0.087,-1.1,-0.4,-1.5,0.1,0
493,Mike Muscala,PF,27,17,265,12.5,0.578,0.687,0.096,2.4,14.5,8.6,7.1,0.7,3.4,5.5,14.3,0.3,0.3,0.6,0.107,0.3,0.4,0.7,0.2,0
494,Sviatoslav Mykhailiuk,SF,21,42,440,6.0,0.447,0.636,0.14300000000000002,2.2,6.2,4.2,10.9,1.5,0.2,12.4,16.0,-0.4,0.3,-0.1,-0.012,-3.9,-1.1,-5.0,-0.3,0
495,Sviatoslav Mykhailiuk,SF,21,39,420,5.8,0.451,0.644,0.152,2.0,6.3,4.2,10.1,1.4,0.2,12.4,15.9,-0.4,0.3,-0.1,-0.013000000000000001,-4.1,-1.1,-5.2,-0.3,0
496,Sviatoslav Mykhailiuk,SF,21,3,20,9.8,0.375,0.5,0.0,5.3,5.7,5.5,28.5,2.5,0.0,11.1,19.4,0.0,0.0,0.0,0.016,0.6,-1.1,-0.5,0.0,0
497,Abdel Nader,SF,25,61,694,8.8,0.522,0.465,0.16699999999999998,2.0,15.7,8.6,3.8,1.3,1.5,10.1,15.1,0.0,0.9,0.9,0.062,-3.6,0.3,-3.2,-0.2,0
498,Larry Nance Jr.,C,26,67,1795,18.6,0.583,0.205,0.28,10.0,24.9,17.1,17.8,2.8,1.9,15.3,15.5,3.3,1.6,4.9,0.131,1.0,1.4,2.4,2.0,0
499,Shabazz Napier,PG,27,56,983,15.3,0.534,0.524,0.317,1.9,8.7,5.3,22.2,2.0,1.3,11.7,24.0,1.0,1.0,2.0,0.098,0.9,0.6,1.5,0.9,0
500,Raul Neto,PG,26,37,474,13.5,0.5579999999999999,0.373,0.205,1.4,12.6,7.1,28.7,1.4,0.7,16.6,19.0,0.5,0.6,1.1,0.11599999999999999,-1.1,0.8,-0.3,0.2,0
501,Georges Niang,PF,25,59,516,13.0,0.613,0.58,0.133,2.4,15.7,9.1,10.1,0.9,0.9,10.7,17.8,0.7,0.7,1.3,0.12300000000000001,-0.2,0.2,0.0,0.3,0
502,Joakim Noah,C,33,42,693,18.6,0.5710000000000001,0.005,0.512,9.2,29.6,19.3,20.6,1.4,4.2,16.1,20.0,1.0,1.2,2.2,0.15,-0.3,2.4,2.1,0.7,0
503,Nerlens Noel,C,24,77,1055,19.3,0.608,0.0,0.28600000000000003,12.1,20.0,15.9,5.9,2.9,7.7,13.4,13.8,1.9,2.5,4.3,0.198,-1.2,3.3,2.1,1.1,0
504,Dirk Nowitzki,PF,40,51,795,9.6,0.469,0.545,0.133,0.7,20.5,10.6,6.9,0.5,1.9,4.3,22.5,-0.5,0.8,0.3,0.016,-2.7,-1.2,-3.9,-0.4,0
505,Frank Ntilikina,PG,20,43,904,6.0,0.41700000000000004,0.408,0.106,1.4,8.9,5.0,19.5,1.6,1.3,15.9,16.6,-1.3,0.4,-0.8,-0.045,-5.2,-0.8,-6.0,-0.9,0
506,James Nunnally,SF,28,15,102,7.3,0.503,0.735,0.11800000000000001,0.0,5.3,2.6,9.5,0.5,0.0,2.7,15.3,0.1,0.0,0.1,0.035,-1.9,-2.9,-4.8,-0.1,0
507,James Nunnally,SF,28,13,64,12.1,0.593,0.619,0.19,0.0,6.8,3.3,10.9,0.7,0.0,4.2,15.6,0.1,0.0,0.1,0.09699999999999999,1.4,-1.3,0.1,0.0,0
508,James Nunnally,SF,28,2,38,-0.8,0.34600000000000003,0.9229999999999999,0.0,0.0,3.0,1.5,7.2,0.0,0.0,0.0,14.8,-0.1,0.0,-0.1,-0.068,-7.5,-5.5,-13.0,-0.1,0
509,Jusuf Nurkić,C,24,72,1974,23.4,0.57,0.035,0.442,13.4,26.7,20.2,17.9,1.7,4.2,14.6,24.7,4.4,3.3,7.8,0.18899999999999997,2.1,1.7,3.7,2.8,0
510,David Nwaba,SF,26,51,984,12.5,0.5579999999999999,0.28600000000000003,0.324,4.4,14.4,9.2,8.1,1.8,1.5,8.8,14.6,1.1,0.3,1.4,0.069,-1.8,-0.3,-2.1,0.0,0
511,Royce O'Neale,SF,25,82,1671,9.0,0.589,0.513,0.122,1.5,16.7,9.2,10.0,1.5,1.1,16.2,11.0,0.7,2.5,3.3,0.094,-2.6,2.1,-0.5,0.6,0
512,Kyle O'Quinn,C,28,45,371,16.8,0.537,0.08800000000000001,0.154,8.9,26.4,17.8,22.4,1.2,6.0,17.6,20.8,0.2,0.8,1.0,0.125,-2.5,3.0,0.4,0.2,0
513,Semi Ojeleye,PF,24,56,594,8.5,0.531,0.563,0.247,4.3,11.2,7.7,5.1,0.8,0.6,9.8,14.1,0.2,0.5,0.7,0.057,-2.8,-1.2,-4.0,-0.3,0
514,Jahlil Okafor,C,23,59,935,17.9,0.603,0.013999999999999999,0.24600000000000002,9.2,21.4,15.4,6.3,0.7,3.5,11.5,19.9,1.4,0.8,2.2,0.115,-0.6,-0.9,-1.5,0.1,0
515,Elie Okobo,PG,21,53,958,7.6,0.489,0.455,0.162,1.4,10.1,5.7,18.7,1.6,0.6,18.2,17.0,-0.7,0.2,-0.5,-0.027000000000000003,-4.2,-1.5,-5.7,-0.9,0
516,Josh Okogie,SG,20,74,1757,9.4,0.4920000000000001,0.423,0.319,2.5,10.9,6.6,6.9,2.4,1.6,9.8,15.4,-0.1,1.4,1.2,0.034,-3.5,0.4,-3.1,-0.5,0
517,Victor Oladipo,SG,26,36,1147,17.6,0.519,0.3670000000000001,0.24,2.1,17.1,9.8,25.2,2.6,0.9,11.2,27.9,0.4,1.9,2.3,0.09699999999999999,1.8,1.2,2.9,1.4,0
518,Kelly Olynyk,PF,27,79,1812,14.4,0.61,0.5660000000000001,0.32799999999999996,4.2,17.8,11.0,11.4,1.4,1.8,15.0,18.0,2.3,2.5,4.7,0.126,-0.2,0.9,0.7,1.2,0
519,Cedi Osman,SF,23,76,2444,11.5,0.536,0.44299999999999995,0.214,2.0,14.8,8.1,12.1,1.2,0.4,11.0,18.6,1.2,0.2,1.5,0.028999999999999998,-1.4,-1.8,-3.2,-0.8,0
520,Kelly Oubre Jr.,SF,23,69,1935,15.2,0.551,0.401,0.29,4.0,14.6,9.2,6.8,2.1,2.5,9.8,23.2,0.9,1.3,2.2,0.054000000000000006,-0.3,-0.9,-1.2,0.4,0
521,Kelly Oubre Jr.,SF,23,29,755,13.3,0.545,0.433,0.27899999999999997,3.4,15.3,9.3,3.8,1.7,2.2,8.1,20.9,0.3,0.5,0.8,0.053,-1.4,-1.2,-2.6,-0.1,0
522,Kelly Oubre Jr.,SF,23,40,1180,16.4,0.555,0.384,0.29600000000000004,4.3,14.2,9.2,8.7,2.3,2.8,10.7,24.7,0.5,0.8,1.3,0.054000000000000006,0.4,-0.8,-0.4,0.5,0
523,Zaza Pachulia,C,34,68,878,13.7,0.539,0.021,0.642,11.9,21.5,16.5,14.7,1.7,1.6,18.7,15.0,1.1,1.3,2.3,0.128,-2.8,1.6,-1.2,0.2,0
524,Jabari Parker,PF,23,64,1724,15.5,0.56,0.26,0.24600000000000002,4.9,21.8,13.3,14.1,1.3,1.5,15.4,24.6,0.1,1.3,1.4,0.039,-0.7,-0.9,-1.5,0.2,0
525,Jabari Parker,PF,23,39,1042,14.6,0.5429999999999999,0.24600000000000002,0.233,4.2,21.1,12.6,13.2,1.1,1.2,14.1,25.0,-0.2,0.7,0.5,0.024,-1.1,-1.1,-2.1,0.0,0
526,Jabari Parker,PF,23,25,682,17.0,0.5870000000000001,0.284,0.267,5.9,23.0,14.3,15.4,1.6,2.0,17.4,24.0,0.3,0.6,0.9,0.063,0.0,-0.6,-0.6,0.2,0
527,Tony Parker,PG,36,56,1003,15.3,0.512,0.11,0.268,1.5,7.6,4.5,33.3,1.0,0.6,12.7,25.5,0.6,0.3,0.9,0.044000000000000004,-0.3,-2.3,-2.6,-0.1,0
528,Chandler Parsons,SF,30,25,496,8.5,0.484,0.516,0.13699999999999998,0.9,15.2,7.9,13.4,1.9,1.0,14.2,20.3,-0.6,0.6,0.0,-0.004,-3.9,-0.5,-4.4,-0.3,0
529,Patrick Patterson,PF,29,63,861,8.1,0.493,0.626,0.13699999999999998,4.9,13.0,8.8,4.6,0.9,1.3,8.7,12.0,0.2,0.9,1.1,0.064,-2.0,-0.4,-2.5,-0.1,0
530,Justin Patton,C,21,3,21,10.5,0.317,0.28600000000000003,0.28600000000000003,10.4,19.6,15.1,18.7,4.5,0.0,0.0,15.7,0.0,0.0,0.0,0.079,-5.2,3.2,-2.0,0.0,0
531,Chris Paul,PG,33,58,1857,19.7,0.56,0.493,0.282,2.1,13.9,7.9,39.3,3.0,0.8,15.8,22.5,4.4,2.2,6.6,0.172,2.7,1.1,3.9,2.8,1
532,Cameron Payne,PG,24,40,712,11.5,0.519,0.377,0.184,2.0,9.2,5.5,21.8,1.9,1.1,15.7,17.6,0.1,0.3,0.5,0.031,-2.3,-0.7,-3.0,-0.2,0
533,Cameron Payne,PG,24,31,536,10.3,0.4920000000000001,0.35100000000000003,0.149,2.0,8.8,5.4,22.4,1.8,1.0,16.0,17.4,-0.1,0.3,0.2,0.013999999999999999,-3.1,-0.7,-3.8,-0.2,0
534,Cameron Payne,PG,24,9,176,15.3,0.596,0.455,0.29100000000000004,1.8,10.6,6.0,20.0,2.3,1.5,15.1,18.1,0.2,0.1,0.3,0.08199999999999999,0.1,-0.8,-0.7,0.1,0
535,Elfrid Payton,PG,24,42,1250,14.0,0.502,0.255,0.18,4.1,14.0,9.1,33.5,1.6,1.1,20.1,18.3,0.6,0.9,1.5,0.057999999999999996,-0.7,-0.7,-1.4,0.2,0
536,Gary Payton II,PG,26,3,16,36.9,0.688,0.25,0.0,6.7,6.9,6.8,45.1,8.9,5.3,11.1,23.8,0.1,0.0,0.1,0.358,8.3,10.6,18.9,0.1,0
537,Theo Pinson,SG,23,18,211,8.1,0.49,0.63,0.301,2.0,15.9,9.0,14.1,1.4,0.0,17.9,20.0,-0.2,0.2,0.0,0.004,-3.6,0.4,-3.2,-0.1,0
538,Mason Plumlee,C,28,82,1731,17.8,0.602,0.023,0.44799999999999995,10.3,22.5,16.4,19.5,1.9,3.9,19.2,16.2,2.9,2.9,5.8,0.16,-0.5,2.6,2.1,1.8,0
539,Miles Plumlee,C,30,18,173,18.9,0.654,0.0,0.625,9.5,14.3,11.8,14.7,1.6,2.0,14.0,16.7,0.4,0.1,0.5,0.145,1.6,0.0,1.6,0.2,0
540,Jakob Poeltl,C,23,77,1273,19.4,0.64,0.0,0.317,15.4,19.7,17.6,10.0,1.1,4.5,12.7,13.1,3.5,1.6,5.1,0.193,1.3,0.7,2.0,1.3,0
541,Quincy Pondexter,SF,30,53,292,13.2,0.6409999999999999,0.31,0.7240000000000001,3.0,14.1,8.6,10.6,1.8,0.3,14.5,13.5,0.5,0.3,0.8,0.128,-1.6,0.7,-0.9,0.1,0
542,Otto Porter,SF,25,56,1683,15.9,0.569,0.39799999999999996,0.149,3.4,17.0,10.1,10.6,2.3,1.6,8.7,19.1,1.8,1.5,3.2,0.09300000000000001,0.8,0.1,0.9,1.2,0
543,Otto Porter,SF,25,41,1191,15.0,0.551,0.39799999999999996,0.145,3.6,17.7,10.5,9.6,2.5,1.6,7.8,18.2,1.0,1.1,2.1,0.085,0.0,0.3,0.3,0.7,0
544,Otto Porter,SF,25,15,492,18.0,0.609,0.39799999999999996,0.159,3.1,15.4,9.2,13.0,1.8,1.6,10.4,21.3,0.8,0.4,1.1,0.11199999999999999,2.6,-0.4,2.2,0.5,0
545,Bobby Portis,PF,23,50,1299,16.1,0.529,0.304,0.154,9.0,24.9,16.8,8.8,1.3,1.3,9.9,24.6,0.5,1.1,1.6,0.06,-0.2,-2.3,-2.4,-0.1,0
546,Bobby Portis,PF,23,22,531,17.2,0.529,0.266,0.185,9.3,23.8,16.5,9.2,1.0,1.3,9.0,26.5,0.3,0.4,0.7,0.062,0.5,-2.4,-1.9,0.0,0
547,Bobby Portis,PF,23,28,768,15.3,0.53,0.33299999999999996,0.132,8.8,25.7,17.1,8.4,1.5,1.3,10.6,23.3,0.2,0.7,0.9,0.057999999999999996,-0.6,-2.2,-2.8,-0.2,0
548,Dwight Powell,C,27,77,1662,20.4,0.682,0.261,0.523,9.1,17.3,13.2,10.7,1.3,2.6,10.1,17.2,5.6,1.9,7.5,0.215,2.0,0.9,2.9,2.1,0
549,Norman Powell,SG,25,60,1126,13.3,0.596,0.425,0.188,1.6,11.5,6.7,11.6,1.7,1.0,13.1,19.0,1.0,1.4,2.4,0.102,-0.9,0.2,-0.7,0.4,0
550,Alex Poythress,PF,25,21,305,12.2,0.5710000000000001,0.284,0.358,9.8,16.6,13.1,7.7,0.6,2.8,12.2,14.2,0.4,0.2,0.5,0.086,-2.5,-1.0,-3.5,-0.1,0
551,Taurean Prince,SF,24,55,1552,11.9,0.575,0.53,0.195,1.5,12.3,6.7,11.1,1.6,1.1,13.4,19.5,0.8,0.7,1.5,0.047,-1.0,-1.0,-2.0,0.0,0
552,Zhou Qi,PF,23,1,1,80.4,1.0,0.0,0.0,0.0,0.0,0.0,0.0,0.0,0.0,0.0,43.4,0.0,0.0,0.0,1.261,40.1,11.9,52.0,0.0,0
553,Ivan Rabb,PF,21,49,721,16.1,0.586,0.071,0.325,10.7,21.5,16.0,12.0,1.2,1.8,12.6,17.2,1.2,0.9,2.1,0.13699999999999998,-1.1,-0.3,-1.4,0.1,0
554,Chasson Randle,PG,25,49,743,9.9,0.555,0.53,0.28600000000000003,1.4,6.8,4.1,17.5,1.6,0.3,15.0,16.4,0.4,0.2,0.6,0.040999999999999995,-2.7,-1.3,-4.0,-0.4,0
555,Julius Randle,PF,24,73,2232,21.0,0.6,0.179,0.447,7.6,21.6,14.7,15.8,1.1,1.6,13.8,27.8,4.2,1.9,6.1,0.131,2.1,-0.6,1.5,2.0,0
556,J.J. Redick,SG,34,76,2379,15.1,0.602,0.589,0.248,0.9,7.2,4.1,12.9,0.6,0.6,8.1,21.9,4.6,1.2,5.9,0.11800000000000001,2.2,-2.0,0.2,1.3,0
557,Davon Reed,SG,23,10,47,8.1,0.5,0.33299999999999996,0.0,4.8,9.2,7.1,8.5,1.0,0.0,7.7,12.1,0.0,0.0,0.1,0.064,-3.3,-2.2,-5.5,0.0,0
558,Cameron Reynolds,SG,23,19,259,10.4,0.58,0.654,0.115,1.6,11.3,6.4,6.8,1.1,0.7,5.7,14.1,0.3,0.1,0.4,0.078,-1.3,-1.2,-2.5,0.0,0
559,Josh Richardson,SG,25,73,2539,14.0,0.536,0.44799999999999995,0.225,2.3,8.8,5.5,17.9,1.5,1.2,9.1,20.9,3.0,2.6,5.6,0.106,0.1,0.2,0.3,1.5,0
560,Malachi Richardson,SG,23,22,103,0.9,0.48100000000000004,0.862,0.172,2.2,11.2,6.8,0.0,0.5,0.0,20.4,16.4,-0.2,0.1,-0.1,-0.06,-6.6,-2.1,-8.8,-0.2,0
561,Austin Rivers,SG,26,76,2028,7.7,0.503,0.5720000000000001,0.166,1.3,7.5,4.4,11.5,1.1,1.0,10.0,14.5,0.4,0.8,1.2,0.027999999999999997,-3.3,-1.0,-4.3,-1.1,0
562,Austin Rivers,SG,26,29,683,6.8,0.49,0.546,0.237,1.6,9.8,5.6,11.2,1.2,1.2,14.4,15.5,-0.4,0.2,-0.2,-0.013999999999999999,-4.1,-1.2,-5.3,-0.6,0
563,Austin Rivers,SG,26,47,1345,8.2,0.511,0.585,0.13,1.2,6.4,3.7,11.7,1.1,0.8,7.4,13.9,0.8,0.6,1.4,0.05,-2.9,-0.9,-3.8,-0.6,0
564,Devin Robinson,SF,23,7,95,20.6,0.616,0.063,0.43799999999999994,6.7,16.2,11.4,9.5,2.0,5.3,5.0,17.9,0.2,0.1,0.3,0.175,0.8,1.1,1.9,0.1,0
565,Duncan Robinson,SF,24,15,161,7.6,0.514,0.7609999999999999,0.13,1.3,11.2,6.3,4.4,1.5,0.0,7.6,14.0,0.0,0.2,0.2,0.051,-3.4,0.0,-3.4,-0.1,0
566,Glenn Robinson III,SF,25,47,610,8.7,0.511,0.35200000000000004,0.22699999999999998,2.9,10.0,6.4,5.1,1.1,1.1,8.5,15.0,0.1,0.6,0.7,0.054000000000000006,-2.8,-0.1,-3.0,-0.2,0
567,Jerome Robinson,SG,21,33,320,7.2,0.491,0.518,0.08199999999999999,1.0,12.2,6.8,8.3,1.6,0.7,10.2,16.7,-0.2,0.3,0.1,0.012,-4.2,-0.5,-4.7,-0.2,0
568,Mitchell Robinson,C,20,66,1360,22.0,0.6920000000000001,0.0,0.46399999999999997,13.3,19.4,16.3,4.2,1.8,10.0,9.1,12.1,4.0,2.2,6.1,0.217,0.1,2.4,2.5,1.6,0
569,Rajon Rondo,PG,32,46,1369,12.1,0.473,0.32899999999999996,0.083,2.6,15.5,9.2,35.5,1.9,0.4,22.1,17.4,-0.2,1.5,1.3,0.047,-1.7,0.2,-1.5,0.2,0
570,Derrick Rose,PG,30,51,1392,19.5,0.557,0.19399999999999998,0.212,2.5,8.3,5.4,26.4,1.1,0.7,9.1,27.3,2.6,0.3,3.0,0.102,3.2,-1.7,1.4,1.2,0
571,Terrence Ross,SG,27,81,2150,15.4,0.561,0.551,0.14,1.3,12.8,7.0,9.9,1.6,1.1,7.6,23.9,1.7,2.6,4.3,0.095,1.1,-0.3,0.8,1.5,0
572,Terry Rozier,PG,24,79,1791,12.9,0.501,0.506,0.14,1.9,16.4,9.1,17.7,1.8,1.0,8.8,18.6,0.9,2.3,3.2,0.086,-0.7,0.5,-0.2,0.8,0
573,Ricky Rubio,PG,28,68,1899,14.0,0.52,0.348,0.312,1.9,11.8,6.9,32.1,2.3,0.4,17.8,22.7,0.9,2.8,3.7,0.095,-1.0,0.8,-0.2,0.9,0
574,D'Angelo Russell,PG,22,81,2448,19.4,0.5329999999999999,0.419,0.135,2.3,11.2,6.8,41.3,1.9,0.6,13.6,31.9,2.4,2.6,5.0,0.09699999999999999,4.0,-0.6,3.4,3.4,0
575,Domantas Sabonis,C,22,74,1838,21.9,0.63,0.024,0.41600000000000004,11.5,29.8,20.8,18.2,1.3,1.5,16.2,23.5,4.3,3.3,7.6,0.19699999999999998,1.9,1.3,3.1,2.4,1
576,Brandon Sampson,SG,21,14,214,8.5,0.5670000000000001,0.483,0.1,1.5,6.7,4.1,6.8,1.8,1.2,16.1,15.2,-0.1,0.1,0.0,0.01,-3.9,-0.9,-4.7,-0.1,0
577,JaKarr Sampson,SF,25,4,127,22.5,0.633,0.259,0.389,4.2,23.4,13.7,5.3,1.5,2.0,5.9,23.1,0.3,0.1,0.5,0.17300000000000001,3.6,0.2,3.7,0.2,0
578,Dario Šarić,PF,24,81,2023,13.1,0.563,0.46399999999999997,0.21600000000000005,6.6,17.5,12.1,8.8,1.1,0.4,11.3,17.8,2.3,1.2,3.5,0.084,-0.3,-1.3,-1.6,0.2,0
579,Dario Šarić,PF,24,13,396,8.1,0.496,0.53,0.22699999999999998,5.8,16.9,11.5,8.9,0.5,0.6,14.7,18.0,-0.1,0.3,0.2,0.023,-3.2,-1.5,-4.7,-0.3,0
580,Dario Šarić,PF,24,68,1627,14.3,0.579,0.449,0.213,6.8,17.7,12.2,8.8,1.2,0.3,10.5,17.8,2.4,0.9,3.3,0.099,0.4,-1.3,-0.8,0.5,0
581,Tomáš Satoranský,PG,27,80,2164,14.1,0.59,0.306,0.302,4.0,10.0,7.0,24.6,1.8,0.5,16.7,14.1,3.8,0.9,4.7,0.10400000000000001,-0.4,-0.3,-0.7,0.7,0
582,Dennis Schröder,PG,25,79,2314,12.7,0.508,0.33,0.20600000000000002,1.6,11.3,6.3,20.4,1.3,0.4,12.5,24.2,0.4,2.4,2.9,0.06,-1.3,-0.7,-2.0,0.0,0
583,Mike Scott,PF,30,79,1395,8.6,0.528,0.6,0.079,3.4,17.2,10.5,6.4,0.9,0.7,9.2,14.4,0.4,1.2,1.6,0.053,-1.9,-0.7,-2.5,-0.2,0
584,Mike Scott,PF,30,52,748,9.4,0.521,0.578,0.078,3.5,20.6,12.3,8.1,1.1,0.8,10.2,14.9,0.1,0.7,0.9,0.055,-1.5,0.0,-1.5,0.1,0
585,Mike Scott,PF,30,27,647,7.7,0.537,0.626,0.079,3.2,13.2,8.3,4.6,0.7,0.6,8.0,13.8,0.2,0.5,0.7,0.052000000000000005,-2.3,-1.4,-3.7,-0.3,0
586,Thabo Sefolosha,SF,34,50,609,12.1,0.599,0.523,0.14800000000000002,1.4,20.1,10.9,6.1,3.4,0.7,13.6,12.9,0.2,1.2,1.5,0.115,-1.6,3.1,1.5,0.5,0
587,Wayne Selden,SG,24,75,1439,8.3,0.491,0.36,0.19,2.8,11.0,6.9,11.3,1.1,0.8,13.1,18.4,-1.0,0.8,-0.3,-0.009000000000000001,-3.8,-1.6,-5.4,-1.2,0
588,Wayne Selden,SG,24,32,455,8.8,0.495,0.391,0.18,3.9,7.0,5.4,12.4,1.1,1.2,11.7,19.3,-0.2,0.3,0.1,0.013999999999999999,-3.3,-1.1,-4.4,-0.3,0
589,Wayne Selden,SG,24,43,984,8.1,0.489,0.345,0.196,2.3,12.8,7.5,10.8,1.1,0.6,13.8,18.0,-0.8,0.4,-0.4,-0.019,-4.0,-1.8,-5.9,-1.0,0
590,Collin Sexton,PG,20,82,2605,12.0,0.52,0.245,0.21100000000000002,2.3,8.0,5.0,15.3,0.8,0.2,12.3,25.2,-0.1,-0.5,-0.6,-0.011000000000000001,-1.4,-3.3,-4.7,-1.8,0
591,Landry Shamet,SG,21,79,1802,11.0,0.604,0.711,0.16699999999999998,1.3,6.4,3.9,9.0,1.0,0.4,7.0,15.0,2.7,0.9,3.6,0.095,-0.3,-1.3,-1.6,0.2,0
592,Landry Shamet,SG,21,54,1108,10.7,0.606,0.706,0.156,1.4,5.9,3.7,7.4,1.0,0.6,6.6,15.0,1.6,0.6,2.2,0.096,-0.7,-1.1,-1.9,0.0,0
593,Landry Shamet,SG,21,25,694,11.3,0.601,0.7190000000000001,0.18600000000000005,1.1,7.3,4.3,11.5,0.9,0.2,7.7,15.0,1.1,0.3,1.4,0.094,0.4,-1.6,-1.2,0.1,0
594,Iman Shumpert,SG,28,62,1481,9.1,0.499,0.612,0.10099999999999999,1.9,11.4,6.5,9.9,1.9,1.4,9.7,14.5,0.1,1.2,1.4,0.045,-2.4,0.5,-1.9,0.0,0
595,Iman Shumpert,SG,28,42,1099,10.1,0.511,0.58,0.11800000000000001,1.7,10.6,6.0,10.7,2.0,1.6,9.4,15.2,0.3,0.9,1.2,0.054000000000000006,-1.9,0.6,-1.3,0.2,0
596,Iman Shumpert,SG,28,20,382,6.3,0.456,0.7240000000000001,0.040999999999999995,2.3,13.6,7.8,7.6,1.5,0.9,10.7,12.7,-0.2,0.3,0.2,0.019,-4.0,0.2,-3.7,-0.2,0
597,Pascal Siakam,PF,24,80,2548,18.7,0.628,0.226,0.32,5.4,17.5,11.6,14.6,1.4,1.7,12.5,20.8,5.7,3.6,9.3,0.175,1.6,0.8,2.4,2.8,1
598,Jordan Sibert,SG,26,1,4,29.7,1.5,1.0,0.0,0.0,0.0,0.0,0.0,0.0,0.0,0.0,10.2,0.0,0.0,0.0,0.183,13.7,2.2,16.0,0.0,0
599,Ben Simmons,PG,22,79,2700,20.0,0.5820000000000001,0.006,0.446,6.9,20.0,13.7,34.2,2.0,1.8,19.3,22.1,4.6,3.6,8.2,0.146,2.2,1.3,3.6,3.8,1
600,Jonathon Simmons,SG-SF,29,56,1064,8.5,0.466,0.297,0.27699999999999997,2.7,10.0,6.3,16.7,1.3,1.2,14.8,18.7,-0.8,1.1,0.3,0.013000000000000001,-3.9,-0.3,-4.2,-0.6,0
601,Jonathon Simmons,SG,29,41,845,7.4,0.445,0.29,0.252,2.9,9.9,6.3,15.7,1.0,1.4,15.0,19.3,-1.0,0.8,-0.2,-0.01,-4.6,-0.5,-5.2,-0.7,0
602,Jonathon Simmons,SF,29,15,219,12.9,0.5529999999999999,0.32799999999999996,0.391,2.0,10.3,6.3,20.7,2.4,0.4,13.8,16.7,0.2,0.2,0.5,0.10099999999999999,-1.3,0.5,-0.8,0.1,0
603,Kobi Simmons,PG,21,1,2,0.0,,,,0.0,0.0,0.0,0.0,0.0,0.0,,0.0,0.0,0.0,0.0,-0.033,-7.4,-3.2,-10.6,0.0,0
604,Anfernee Simons,SG,19,20,141,11.1,0.535,0.46,0.254,2.3,7.4,4.9,13.7,0.3,0.0,13.6,24.3,0.0,0.0,0.1,0.02,-1.5,-3.7,-5.3,-0.1,0
605,Marcus Smart,SG,24,80,2200,13.1,0.568,0.61,0.228,2.8,8.6,5.7,19.1,3.1,1.1,16.5,14.6,2.2,3.1,5.3,0.11599999999999999,-1.2,2.0,0.8,1.5,0
606,Dennis Smith Jr.,PG,21,53,1508,12.3,0.502,0.32,0.24,2.2,8.7,5.5,27.3,2.1,1.1,17.6,24.8,-1.2,1.2,0.0,0.001,-1.6,-0.4,-1.9,0.0,0
607,Dennis Smith Jr.,PG,21,32,908,11.5,0.527,0.35,0.23,2.1,9.3,5.7,24.1,2.1,1.0,20.3,23.3,-0.7,0.9,0.2,0.01,-2.1,0.0,-2.1,0.0,0
608,Dennis Smith Jr.,PG,21,21,600,13.5,0.473,0.28300000000000003,0.253,2.4,7.9,5.1,32.2,2.2,1.3,14.2,27.0,-0.5,0.3,-0.2,-0.013999999999999999,-0.8,-0.9,-1.7,0.0,0
609,Ish Smith,PG,30,56,1251,11.8,0.485,0.276,0.127,1.9,11.1,6.3,25.4,1.1,0.7,10.6,19.9,0.5,1.1,1.7,0.064,-1.6,-0.3,-2.0,0.0,0
610,J.R. Smith,SG,33,11,222,7.8,0.444,0.494,0.127,0.0,9.4,4.5,13.8,2.5,1.2,11.7,18.6,-0.3,0.1,-0.2,-0.038,-3.7,0.5,-3.2,-0.1,0
611,Jason Smith,PF-C,32,20,190,9.8,0.4920000000000001,0.441,0.271,9.0,20.2,14.6,9.7,0.7,3.1,16.4,17.5,0.0,0.2,0.2,0.038,-3.7,-1.0,-4.7,-0.1,0
612,Jason Smith,C,32,12,130,11.7,0.52,0.27,0.324,9.0,22.1,15.4,12.3,0.4,3.2,14.2,16.1,0.1,0.1,0.2,0.07,-2.7,-0.7,-3.4,0.0,0
613,Jason Smith,PF,32,6,40,6.3,0.46799999999999997,0.6920000000000001,0.154,8.1,19.2,14.0,3.1,2.3,4.2,26.5,19.8,-0.1,0.1,0.0,-0.02,-6.8,-0.1,-6.9,-0.1,0
614,Jason Smith,C,32,2,20,4.6,0.405,0.778,0.222,10.5,10.2,10.4,6.2,0.0,0.0,9.2,22.3,0.0,0.0,0.0,-0.049,-4.4,-4.4,-8.8,0.0,0
615,Zhaire Smith,SG,19,6,111,9.5,0.5329999999999999,0.47100000000000003,0.235,2.9,9.3,6.2,12.3,0.9,1.4,13.8,16.4,0.0,0.1,0.1,0.048,-2.8,-2.2,-5.0,-0.1,0
616,Tony Snell,SF,27,74,1304,10.7,0.585,0.565,0.11599999999999999,2.4,9.4,6.1,6.7,0.9,1.2,5.7,12.9,1.6,1.6,3.2,0.11699999999999999,-1.0,0.3,-0.7,0.4,0
617,Ray Spalding,PF,21,14,148,14.6,0.516,0.064,0.255,11.1,25.1,18.0,5.1,2.9,4.5,14.7,17.8,0.0,0.2,0.2,0.051,-4.3,-0.8,-5.1,-0.1,0
618,Ray Spalding,PF,21,1,1,0.0,,,,0.0,0.0,0.0,0.0,0.0,0.0,,0.0,0.0,0.0,0.0,0.0,-7.5,-5.0,-12.6,0.0,0
619,Ray Spalding,PF,21,13,147,14.7,0.516,0.064,0.255,11.1,25.3,18.1,5.2,2.9,4.5,14.7,17.9,0.0,0.2,0.2,0.051,-4.3,-0.8,-5.1,-0.1,0
620,Omari Spellman,PF,21,46,805,12.4,0.516,0.525,0.184,9.2,16.3,12.7,8.0,1.5,2.7,10.5,14.9,0.6,0.5,1.2,0.07,-0.5,-0.7,-1.2,0.2,0
621,Nik Stauskas,SG,25,68,1015,10.9,0.545,0.556,0.18899999999999997,1.9,11.7,6.8,11.1,1.0,0.6,12.2,17.6,0.6,0.5,1.1,0.052000000000000005,-0.7,-1.2,-1.9,0.0,0
622,Nik Stauskas,SG,25,44,673,10.8,0.545,0.546,0.157,1.6,10.8,6.3,12.6,1.0,0.5,14.0,17.9,0.3,0.4,0.8,0.055,-0.9,-0.8,-1.6,0.1,0
623,Nik Stauskas,SG,25,24,342,11.3,0.544,0.578,0.257,2.5,13.2,7.6,8.0,1.0,0.8,8.3,16.9,0.3,0.0,0.3,0.046,-0.5,-2.1,-2.5,0.0,0
624,D.J. Stephens,SG,28,1,7,5.5,0.5,0.0,0.0,0.0,0.0,0.0,0.0,7.1,0.0,33.3,19.1,0.0,0.0,0.0,-0.11900000000000001,-7.1,1.6,-5.5,0.0,0
625,Lance Stephenson,SG,28,68,1123,11.8,0.529,0.456,0.16899999999999998,3.0,16.5,9.9,17.3,1.7,0.5,15.6,20.3,-0.1,1.2,1.1,0.049,-1.6,0.1,-1.5,0.1,0
626,Edmond Sumner,PG,23,23,210,7.6,0.44299999999999995,0.42200000000000004,0.375,4.9,7.8,6.3,6.3,2.8,2.1,11.8,17.6,-0.2,0.3,0.1,0.02,-5.8,0.5,-5.3,-0.2,0
627,Caleb Swanigan,PF,21,21,178,4.7,0.377,0.132,0.17,10.2,27.6,19.1,8.0,1.6,0.5,24.0,17.7,-0.5,0.2,-0.2,-0.06,-7.1,0.0,-7.2,-0.2,0
628,Caleb Swanigan,PF,21,18,145,3.1,0.3720000000000001,0.114,0.159,9.8,28.0,19.1,6.2,1.3,0.0,25.4,18.4,-0.4,0.2,-0.3,-0.086,-7.9,-0.3,-8.2,-0.2,0
629,Caleb Swanigan,PF,21,3,33,11.7,0.405,0.222,0.222,12.2,25.6,18.7,15.6,2.8,2.6,16.8,14.9,0.0,0.1,0.0,0.053,-3.8,1.1,-2.7,0.0,0
630,Jayson Tatum,SF,20,79,2455,15.1,0.547,0.3,0.22,3.0,17.7,10.4,10.0,1.6,2.1,9.7,22.1,1.6,3.4,5.0,0.09699999999999999,-0.4,0.2,-0.2,1.1,1
631,Jeff Teague,PG,30,42,1264,15.4,0.528,0.252,0.368,1.3,7.7,4.5,37.6,1.6,1.2,16.7,19.3,1.7,0.5,2.2,0.085,0.8,-1.2,-0.4,0.5,0
632,Garrett Temple,SG,32,75,2040,8.5,0.5429999999999999,0.535,0.217,1.5,10.2,5.8,7.4,1.8,1.4,11.5,13.2,0.3,2.0,2.2,0.052000000000000005,-3.3,0.5,-2.8,-0.4,0
633,Garrett Temple,SG,32,49,1530,8.6,0.551,0.5429999999999999,0.196,1.3,10.0,5.6,6.7,1.6,1.5,11.4,13.9,0.1,1.5,1.6,0.05,-3.1,0.4,-2.7,-0.3,0
634,Garrett Temple,SG,32,26,510,8.0,0.514,0.509,0.292,2.1,10.9,6.7,9.4,2.4,0.8,11.8,11.2,0.2,0.5,0.6,0.061,-4.1,1.0,-3.1,-0.1,0
635,Miloš Teodosić,PG,31,15,150,6.5,0.557,0.675,0.175,2.2,8.9,5.7,28.8,0.9,0.5,32.8,18.0,-0.1,0.1,-0.1,-0.019,-3.8,-1.7,-5.4,-0.1,0
636,Jared Terrell,SG,23,14,111,0.7,0.3720000000000001,0.436,0.154,1.0,4.9,2.9,14.4,1.3,1.5,19.4,19.6,-0.4,0.0,-0.3,-0.14,-8.5,-2.3,-10.9,-0.2,0
637,Emanuel Terry,PF,22,3,23,19.7,0.5710000000000001,0.0,0.5710000000000001,14.1,19.6,16.8,12.2,6.2,0.0,18.6,20.1,0.0,0.0,0.1,0.11699999999999999,-0.2,2.4,2.3,0.0,0
638,Emanuel Terry,PF,22,2,20,19.9,0.654,0.0,0.33299999999999996,10.9,22.5,16.6,8.0,7.2,0.0,22.5,19.1,0.0,0.0,0.1,0.127,-1.1,3.4,2.3,0.0,0
639,Emanuel Terry,PF,22,1,3,18.4,0.266,0.0,2.0,35.4,0.0,17.7,40.5,0.0,0.0,0.0,26.8,0.0,0.0,0.0,0.045,5.9,-3.8,2.1,0.0,0
640,Daniel Theis,C,26,66,908,17.0,0.624,0.252,0.28600000000000003,10.2,16.2,13.2,10.5,1.1,4.1,9.9,15.8,2.3,1.3,3.5,0.188,-0.8,0.9,0.0,0.5,0
641,Isaiah Thomas,SG,29,12,181,7.0,0.4370000000000001,0.434,0.273,3.0,4.8,3.9,18.6,1.4,0.5,14.0,30.4,-0.4,0.1,-0.3,-0.077,-4.0,-2.5,-6.5,-0.2,0
642,Khyri Thomas,SG,22,26,195,6.2,0.413,0.507,0.159,2.2,9.3,5.6,6.0,1.8,2.2,5.1,17.2,-0.2,0.2,0.0,0.005,-4.9,-0.1,-5.0,-0.2,0
643,Lance Thomas,PF,30,46,783,6.4,0.48200000000000004,0.401,0.183,2.7,13.1,7.8,5.0,1.0,0.8,10.1,12.9,-0.3,0.3,0.1,0.004,-4.8,-0.9,-5.7,-0.7,0
644,Klay Thompson,SG,28,78,2652,16.6,0.5710000000000001,0.4270000000000001,0.113,1.6,10.1,6.0,10.5,1.5,1.5,7.2,25.6,2.9,2.3,5.3,0.095,1.1,-1.4,-0.3,1.2,0
645,Tristan Thompson,C,27,43,1198,18.4,0.551,0.0,0.27899999999999997,15.4,25.7,20.3,11.2,1.2,1.2,12.1,17.7,2.1,0.5,2.6,0.105,1.4,-1.9,-0.5,0.4,0
646,Sindarius Thornwell,SG,24,64,313,5.2,0.485,0.306,0.6940000000000001,1.7,12.8,7.5,7.2,2.1,1.8,23.8,11.3,-0.3,0.3,0.0,0.004,-5.8,1.0,-4.7,-0.2,0
647,Anthony Tolliver,PF,33,65,1079,8.6,0.5710000000000001,0.83,0.23199999999999998,1.5,16.2,8.8,5.5,0.8,1.7,11.2,12.5,0.6,0.5,1.2,0.052000000000000005,-1.7,-0.7,-2.4,-0.1,0
648,Karl-Anthony Towns,C,23,77,2545,26.3,0.622,0.27,0.342,10.9,29.3,20.0,17.2,1.3,4.2,13.7,28.9,7.2,3.2,10.4,0.19699999999999998,5.4,0.6,6.0,5.1,0
649,Gary Trent Jr.,SG,20,15,111,3.6,0.377,0.42,0.14,1.0,9.4,5.3,6.2,0.4,1.4,7.0,21.7,-0.3,0.1,-0.2,-0.092,-6.6,-4.2,-10.8,-0.2,0
650,Allonzo Trier,SG,23,64,1459,12.2,0.564,0.255,0.431,2.2,12.2,7.1,12.9,0.9,0.8,15.8,21.5,0.4,0.5,0.9,0.03,-1.6,-1.5,-3.1,-0.4,0
651,P.J. Tucker,PF,33,82,2802,9.2,0.547,0.74,0.113,4.7,14.4,9.5,4.6,2.3,1.2,10.3,9.5,2.0,3.0,5.0,0.086,-1.6,1.0,-0.6,1.0,0
652,Evan Turner,PG,30,73,1605,11.6,0.504,0.11699999999999999,0.239,2.5,18.9,10.9,23.6,1.0,0.9,18.9,15.9,0.5,1.5,2.0,0.06,-1.8,0.5,-1.3,0.3,0
653,Myles Turner,C,22,74,2119,18.0,0.5670000000000001,0.251,0.258,5.4,22.0,13.9,8.0,1.4,8.4,10.3,20.0,1.9,4.4,6.3,0.14400000000000002,0.0,2.4,2.5,2.4,0
654,Ekpe Udoh,C,31,51,320,20.9,0.698,0.0,0.41700000000000004,9.3,20.9,15.2,12.8,1.5,7.7,13.2,13.1,0.9,0.7,1.6,0.23800000000000002,0.8,3.9,4.7,0.5,0
655,Tyler Ulis,PG,23,1,1,0.0,,,,0.0,0.0,0.0,0.0,0.0,0.0,,0.0,0.0,0.0,0.0,-0.015,-7.7,-2.7,-10.4,0.0,0
656,Jonas Valančiūnas,C,26,49,1091,24.4,0.616,0.08900000000000001,0.344,10.7,31.4,21.1,12.0,0.8,4.4,12.7,28.5,2.2,1.9,4.2,0.183,2.2,0.4,2.6,1.3,0
657,Jonas Valančiūnas,C,26,30,564,24.4,0.639,0.11599999999999999,0.363,10.6,30.2,20.6,8.5,1.1,3.4,11.5,25.9,1.6,1.1,2.6,0.22399999999999998,2.3,0.8,3.2,0.7,0
658,Jonas Valančiūnas,C,26,19,527,24.4,0.594,0.065,0.326,10.9,32.7,21.6,15.7,0.6,5.4,13.8,31.4,0.7,0.9,1.5,0.14,2.1,0.0,2.1,0.5,0
659,Jarred Vanderbilt,PF,19,17,69,12.4,0.513,0.053,0.526,10.9,25.2,18.0,5.9,4.3,1.3,25.5,19.4,-0.1,0.1,0.1,0.037000000000000005,-5.2,1.0,-4.2,0.0,0
660,Fred VanVleet,PG,24,64,1760,13.7,0.539,0.493,0.192,1.3,8.7,5.1,23.9,1.6,0.9,11.2,17.9,2.4,1.9,4.3,0.11699999999999999,0.4,0.1,0.5,1.1,0
661,Noah Vonleh,PF,23,68,1722,13.9,0.561,0.311,0.355,6.7,25.8,16.0,11.1,1.3,2.5,14.7,14.8,1.5,1.7,3.2,0.09,-1.2,0.5,-0.7,0.6,0
662,Nikola Vučević,C,28,80,2510,25.5,0.573,0.171,0.168,9.4,31.9,20.5,21.9,1.6,3.0,9.9,28.0,5.4,4.7,10.1,0.193,5.0,1.7,6.6,5.5,0
663,Dwyane Wade,SG,37,72,1885,15.8,0.51,0.272,0.243,3.9,12.2,8.0,26.5,1.5,1.8,13.5,27.9,0.1,2.3,2.4,0.061,0.8,-0.2,0.6,1.2,0
664,Moritz Wagner,C,21,43,446,10.1,0.5329999999999999,0.45,0.31,4.0,15.4,9.8,7.4,1.1,2.4,16.7,21.7,-0.3,0.5,0.2,0.02,-3.9,-0.4,-4.3,-0.3,0
665,Dion Waiters,SG,27,44,1138,11.4,0.53,0.605,0.092,0.7,10.2,5.4,16.4,1.2,0.7,11.4,21.1,0.1,1.1,1.2,0.052000000000000005,-0.5,-0.6,-1.1,0.3,0
666,Kemba Walker,PG,28,82,2863,21.7,0.5579999999999999,0.434,0.267,1.9,11.9,6.8,29.4,1.7,1.0,10.1,31.5,5.5,1.9,7.4,0.12300000000000001,5.2,-1.0,4.2,4.4,1
667,Lonnie Walker,SG,20,17,118,10.8,0.446,0.28300000000000003,0.217,0.0,15.6,7.9,10.3,2.9,2.2,7.4,20.3,-0.1,0.2,0.0,0.019,-3.4,1.0,-2.4,0.0,0
668,John Wall,PG,28,32,1104,18.0,0.527,0.306,0.317,1.5,10.1,5.7,39.2,2.1,2.2,16.1,28.8,0.5,0.7,1.2,0.051,2.2,-1.4,0.9,0.8,0
669,Tyrone Wallace,PG,24,62,628,7.0,0.45,0.08800000000000001,0.263,3.5,13.2,8.5,9.5,1.6,0.9,12.9,18.7,-0.8,0.5,-0.3,-0.023,-5.6,-0.8,-6.4,-0.7,0
670,Brad Wanamaker,PG,29,36,343,14.3,0.597,0.371,0.267,0.9,11.8,6.4,22.5,1.7,0.5,13.9,17.1,0.6,0.4,1.0,0.134,-1.3,0.7,-0.7,0.1,0
671,T.J. Warren,SF,25,43,1360,16.3,0.58,0.295,0.203,2.5,11.8,7.1,7.7,1.8,1.8,7.2,22.7,1.6,0.5,2.1,0.07400000000000001,0.9,-1.1,-0.2,0.6,0
672,Julian Washburn,SF,27,18,254,6.5,0.402,0.5,0.083,3.5,14.8,9.1,7.7,2.5,0.7,12.3,10.0,-0.2,0.3,0.1,0.023,-5.1,0.5,-4.6,-0.2,0
673,Yuta Watanabe,SF,24,15,174,3.3,0.35200000000000004,0.314,0.196,2.5,17.7,10.0,6.6,1.1,0.5,9.8,15.8,-0.4,0.2,-0.2,-0.065,-7.0,-2.1,-9.1,-0.3,0
674,Thomas Welsh,C,22,11,36,16.1,0.648,0.5379999999999999,0.154,0.0,12.1,6.0,20.5,0.0,0.0,6.7,17.7,0.1,0.0,0.1,0.162,2.2,-1.1,1.2,0.0,0
675,Russell Westbrook,PG,30,73,2630,21.1,0.501,0.27899999999999997,0.306,4.1,28.3,15.8,46.5,2.5,1.1,16.3,30.9,1.8,5.0,6.8,0.124,2.8,2.4,5.2,4.7,1
676,Derrick White,PG,24,67,1728,14.8,0.555,0.262,0.22699999999999998,2.2,13.3,7.8,21.0,1.9,2.3,14.0,17.7,1.7,1.9,3.6,0.10099999999999999,-0.4,1.3,0.9,1.3,0
677,Okaro White,PF,26,3,6,-4.5,0.0,1.0,0.0,17.8,18.4,18.1,0.0,0.0,0.0,0.0,14.1,0.0,0.0,0.0,-0.251,-9.0,-7.8,-16.8,0.0,0
678,Hassan Whiteside,C,29,72,1674,23.5,0.564,0.024,0.35700000000000004,16.3,35.6,25.9,5.6,1.3,7.3,11.0,22.6,2.3,4.0,6.3,0.18,1.1,1.2,2.3,1.8,0
679,Andrew Wiggins,SF,23,73,2543,12.4,0.493,0.28800000000000003,0.245,3.5,11.4,7.4,10.9,1.3,1.6,9.3,24.4,-0.6,1.3,0.6,0.012,-1.2,-1.8,-3.0,-0.6,0
680,Alan Williams,PF,26,5,26,32.9,0.61,0.077,0.308,16.2,60.3,38.4,22.3,1.8,0.0,6.3,25.5,0.1,0.1,0.2,0.312,7.6,4.2,11.8,0.1,0
681,C.J. Williams,SG,28,15,128,8.8,0.55,0.457,0.028999999999999998,0.8,5.9,3.3,12.9,2.2,0.0,12.4,13.3,0.1,0.1,0.1,0.042,-3.8,0.2,-3.7,-0.1,0
682,Johnathan Williams,C,23,24,372,15.1,0.599,0.018000000000000002,0.436,13.6,13.9,13.7,4.9,1.0,1.5,10.9,16.4,0.7,0.3,1.0,0.135,-2.0,-1.1,-3.2,-0.1,0
683,Kenrich Williams,SF,24,46,1079,9.7,0.485,0.5589999999999999,0.068,5.4,15.5,10.5,9.5,1.9,1.4,11.1,12.3,0.3,0.9,1.2,0.053,-2.3,0.4,-1.9,0.0,0
684,Lou Williams,SG,32,75,1993,21.2,0.5539999999999999,0.256,0.426,2.2,9.4,5.9,33.0,1.3,0.4,11.8,32.4,3.9,1.2,5.1,0.12300000000000001,4.3,-2.1,2.2,2.1,0
685,Marvin Williams,PF,32,75,2133,12.6,0.5479999999999999,0.586,0.132,3.8,17.1,10.3,6.1,1.6,2.5,6.4,14.9,1.9,1.9,3.8,0.086,-0.4,0.2,-0.3,0.9,0
686,Robert Williams,C,21,32,283,18.8,0.703,0.0,0.294,10.2,20.4,15.3,3.3,1.5,12.5,14.8,10.3,0.5,0.6,1.2,0.201,-1.7,3.4,1.8,0.3,0
687,Troy Williams,SF,24,21,312,10.5,0.531,0.449,0.153,3.9,15.9,9.7,4.7,1.5,2.2,7.9,15.0,0.1,0.3,0.4,0.064,-2.4,0.0,-2.4,0.0,0
688,D.J. Wilson,PF,22,48,882,10.3,0.515,0.506,0.187,5.5,19.2,12.8,7.6,0.9,1.9,10.5,14.4,0.3,1.4,1.7,0.09300000000000001,-2.4,0.2,-2.2,0.0,0
689,Justise Winslow,SF,22,66,1959,12.8,0.513,0.342,0.183,3.4,15.9,9.6,21.9,1.8,0.9,14.9,20.8,0.2,2.6,2.8,0.067,-1.3,0.7,-0.6,0.7,0
690,Christian Wood,PF,23,21,251,21.9,0.607,0.222,0.479,7.2,26.5,17.0,4.8,1.3,3.2,10.7,26.1,0.4,0.3,0.8,0.151,1.4,-1.0,0.4,0.1,0
691,Christian Wood,PF,23,13,62,17.1,0.585,0.2,0.6,7.0,24.7,16.4,4.6,0.0,0.0,8.7,23.4,0.1,0.1,0.2,0.146,0.3,-1.5,-1.3,0.0,0
692,Christian Wood,PF,23,8,189,23.4,0.613,0.228,0.446,7.2,27.0,17.3,4.9,1.7,4.3,11.3,26.9,0.3,0.3,0.6,0.152,1.7,-0.8,0.9,0.1,0
693,Delon Wright,PG,26,75,1699,15.5,0.523,0.301,0.26899999999999996,4.4,12.8,8.6,21.6,2.5,1.6,11.0,18.1,1.9,2.4,4.3,0.121,0.1,1.4,1.5,1.5,0
694,Delon Wright,PG,26,49,897,14.5,0.527,0.307,0.20800000000000002,4.8,10.1,7.5,16.8,2.5,1.4,10.4,17.1,1.0,1.3,2.3,0.12300000000000001,0.1,1.6,1.7,0.8,0
695,Delon Wright,PG,26,26,802,16.6,0.519,0.294,0.336,4.0,15.9,9.9,26.9,2.6,1.8,11.6,19.2,0.9,1.1,2.0,0.11900000000000001,0.0,1.2,1.2,0.6,0
696,Guerschon Yabusele,PF,23,41,251,12.4,0.542,0.364,0.28600000000000003,9.8,12.8,11.3,8.2,1.5,2.5,14.8,17.5,0.2,0.3,0.5,0.09,-2.5,-0.2,-2.7,0.0,0
697,Nick Young,SG,33,4,37,2.3,0.5,0.889,0.0,0.0,2.9,1.5,6.8,0.0,2.4,18.2,12.7,0.0,0.0,0.0,-0.021,-4.3,-2.5,-6.9,0.0,0
698,Thaddeus Young,PF,30,81,2489,16.2,0.569,0.174,0.161,8.7,14.4,11.7,12.0,2.4,1.3,12.0,18.0,3.0,3.9,6.9,0.133,0.4,1.1,1.5,2.2,0
699,Trae Young,PG,20,81,2503,17.0,0.539,0.384,0.33,2.6,10.2,6.3,40.5,1.3,0.5,17.6,28.4,2.5,0.7,3.3,0.062,2.3,-2.8,-0.6,0.9,1
700,Cody Zeller,C,26,49,1243,17.2,0.611,0.064,0.409,9.4,19.7,14.5,12.1,1.5,2.9,13.2,16.3,2.6,1.2,3.9,0.15,-0.6,0.7,0.1,0.7,0
701,Tyler Zeller,C,29,6,93,17.3,0.607,0.033,0.6,12.9,15.7,14.2,6.7,0.5,3.1,9.5,20.1,0.2,0.1,0.3,0.16699999999999998,-3.1,-1.9,-5.0,-0.1,0
702,Tyler Zeller,C,29,2,11,1.5,0.0,0.5,0.0,18.7,39.1,28.7,10.6,0.0,0.0,0.0,7.4,0.0,0.0,0.0,-0.013000000000000001,-8.7,-1.6,-10.2,0.0,0
703,Tyler Zeller,C,29,4,82,19.4,0.64,0.0,0.643,12.1,12.5,12.3,6.2,0.6,3.5,10.0,21.8,0.2,0.1,0.3,0.191,-2.3,-1.9,-4.3,0.0,0
704,Ante Žižić,C,22,59,1082,16.2,0.59,0.0,0.39899999999999997,10.6,22.8,16.4,7.7,0.6,1.8,13.6,18.2,1.7,0.3,2.0,0.087,-1.1,-2.1,-3.2,-0.3,0
705,Ivica Zubac,C,21,59,1040,18.9,0.604,0.0,0.332,11.9,24.2,18.2,9.1,0.6,4.0,13.9,20.3,1.9,1.3,3.2,0.14800000000000002,-0.2,-0.2,-0.5,0.4,0
706,Ivica Zubac,C,21,33,516,19.5,0.633,0.0,0.342,11.0,21.2,16.2,7.3,0.4,4.3,12.9,20.5,1.1,0.6,1.8,0.165,-0.3,0.1,-0.2,0.2,0
707,Ivica Zubac,C,21,26,524,18.3,0.574,0.0,0.32299999999999995,12.7,27.2,20.2,10.9,0.9,3.6,14.8,20.1,0.7,0.7,1.4,0.132,-0.2,-0.5,-0.7,0.2,0
